# time	quote	phrase	title	author — generated by tools/build_quotes.py from Project Gutenberg texts
00:00	"Because you are not feverish or delirious to-night, but thoroughly awake; midnight is striking, which is the hour murderers choose."	midnight	The Count of Monte Cristo	Alexandre Dumas, Pere
00:00	'Ye've smoked as many as five since ye come in at midnight,' the woman goes on, as she chronically complains.	midnight	The Mystery of Edwin Drood	Charles Dickens
00:00	About midnight they heard the sound of steps in the snow of the forest, and the crackling of dry branches.	midnight	War and Peace	Leo Tolstoy
00:00	All was safe and fast when I rested my old bones in bed, between midnight and one in the morning.	midnight	The Moonstone	Wilkie Collins
00:00	And as for hands—Margaret, how many times did you say you had washed your hands this morning before twelve o'clock?	twelve o'clock	North and South	Elizabeth Cleghorn Gaskell
00:00	As he could claim the downstairs sitting-room till twelve o'clock that night he sat in it all the evening …	twelve o'clock	Jude the Obscure	Thomas Hardy
00:05	Pauline Stacey fell from this floor to the ground at five minutes past twelve.	five minutes past twelve	The Innocence of Father Brown	G. K. Chesterton
00:05	The clock showed five minutes past twelve at five o'clock.	five minutes past twelve	The Old Wives' Tale	Arnold Bennett
00:05	At five minutes past twelve o’clock next day …	five minutes past twelve	Hard Times	Charles Dickens
00:10	"At twenty-three minutes past seven," replied Gauthier Ralph; "and the next does not arrive till ten minutes after twelve."	ten minutes after twelve	Around the World in 80 Days	Jules Verne
00:10	Mr Twemlow made it ten minutes past twelve, sir.	ten minutes past twelve	Our Mutual Friend	Charles Dickens
00:14	"The boat train to Holyhead stops at Chester at 12.14.	at 12.14	The Secret Adversary	Agatha Christie
00:15	"Endeavor not to make me wait; for at quarter past twelve I will cut off your ears as you run."	quarter past twelve	The Three Musketeers	Alexandre Dumas, Pere
00:15	"It is well," said the abbe; "we have some hours before us—it is now just a quarter past twelve o'clock."	a quarter past twelve o'clock	The Count of Monte Cristo	Alexandre Dumas, Pere
00:15	At a quarter past twelve they issued forth side by side, heavily clad, into the mournful streets.	a quarter past twelve	The Old Wives' Tale	Arnold Bennett
00:15	This jet of fire had become invisible about a quarter past twelve.	a quarter past twelve	The War of the Worlds	H. G. Wells
00:15	I shall not give it up till a quarter after twelve.	a quarter after twelve	Northanger Abbey	Jane Austen
00:15	"Good! a train leaves the depot at 12.15.	at 12.15	The Leavenworth Case	Anna Katherine Green
00:20	Then she went—it might be at twenty minutes past eleven, and it might be at twenty minutes past twelve …	twenty minutes past twelve	Bleak House	Charles Dickens
00:20	There, it is twenty minutes after twelve, and now I shall give it up entirely.	twenty minutes after twelve	Northanger Abbey	Jane Austen
00:23	The time, now, was twenty-three minutes past twelve.	twenty-three minutes past twelve	The Moonstone	Wilkie Collins
00:25	'In the Baltic Sea, in the dead of night; five-and-twenty minutes past twelve when the captain's watch stopped in his pocket …	five-and-twenty minutes past twelve	Dombey and Son	Charles Dickens
00:30	At about half past twelve, a remarkably loud rap drew her in haste to the window …	half past twelve	Northanger Abbey	Jane Austen
00:30	Does anybody wonder that I got home at half past twelve instead of half past ten?	half past twelve	The Moonstone	Wilkie Collins
00:30	The following morning, Mrs. Inglethorp stayed in bed to breakfast, as she was rather overtired; but she appeared in her briskest mood about 12.30 …	about 12.30	The Mysterious Affair at Styles	Agatha Christie
00:30	As it was he did not reach home till nearly half past twelve.	half past twelve	Of Human Bondage	W. Somerset Maugham
00:30	"At half past twelve the queen was with her women—"	half past twelve	The Three Musketeers	Alexandre Dumas, Pere
00:30	At half past twelve, when Catherine's anxious attention to the weather was over and she could no longer claim any merit from its amendment, the sky began voluntarily to clear.	half past twelve	Northanger Abbey	Jane Austen
00:45	"You see you begin, 'Whereas, at about a quarter to one on Tuesday morning an attempt was made,' and so on.	a quarter to one	Memoirs of Sherlock Holmes	Sir Arthur Conan Doyle
00:45	At one o'clock, or, rather, at a quarter to one, Mr. Pappleworth disappeared to catch his train: he lived in the suburbs.	a quarter to one	Sons and Lovers	David Herbert Lawrence
00:45	At a quarter to one, dirty and dishevelled, cut and breeding, he said: "I think that will do;" and rose and wiped his brow.	a quarter to one	Three Men on the Bummel	Jerome K. Jerome
00:45	These will make an end of themselves at a quarter to one P.M. on Tuesday …	a quarter to one	Our Mutual Friend	Charles Dickens
00:45	… if no Post-office order is in the interim received from Nicodemus Boffin, Esquire; arriving after a quarter to one P.M. on Tuesday …	a quarter to one	Our Mutual Friend	Charles Dickens
00:45	'I'm hanged if it isn't a quarter to one,' said the Journalist.	a quarter to one	The Time Machine	H. G. (Herbert George) Wells
00:47	He rose at thirteen minutes to one, and directed his steps towards the large hall, a sumptuous apartment adorned with lavishly-framed paintings.	thirteen minutes to one	Around the World in 80 Days	Jules Verne
00:50	By that time it wanted but ten minutes of one o'clock, and we began to look out for her smoke.	ten minutes of one o'clock	Great Expectations	Charles Dickens
00:50	The packing was done at 12.50; and Harris sat on the big hamper, and said he hoped nothing would be found broken.	at 12.50	Three Men in a Boat (to say nothing of the dog)	Jerome K. Jerome
00:50	The "make ready" of ten minutes to one differs from the "make ready" of ten minutes to twelve, as youth differs from age.	ten minutes to one	Desperate Remedies	Thomas Hardy
00:50	… at about a quarter to one—the last train goes through R—— at 12.50—there came a low knock on the window-pane at the head of my bed.	at 12.50	The Leavenworth Case	Anna Katherine Green
00:53	But at seven minutes to one o'clock in the morning a deafening whistling was heard, like that produced by a body of water rushing with great violence.	seven minutes to one o'clock in the morning	Twenty Thousand Leagues under the Sea (slightly abridged)	Jules Verne
00:55	… which will not be for another quarter of an hour at least, and it is five minutes to one now."	five minutes to one	The Scarlet Pimpernel	Baroness Orczy
00:57	Promise to hold your tongue, and before that clock strikes—it wants three minutes of one—you're a free woman!"	three minutes of one	Wuthering Heights	Emily Bronte
01:00	'At about half-past one o'clock in the morning, sir,' resumed the doctor, 'I was called up to attend that case.	one o'clock in the morning	Life And Adventures Of Martin Chuzzlewit	Charles Dickens
01:00	And then her own work in the matter, which should have culminated at one o'clock in Lord Grenville's dining-room …	one o'clock	The Scarlet Pimpernel	Baroness Orczy
01:00	Eleven, twelve, one o'clock struck; the heap of spars grew higher, and the pile of chips and ends more bulky.	one o'clock	The Woodlanders	Thomas Hardy
01:00	It was impossible to make any great way against such obstacles united; it was hard upon one o'clock already …	one o'clock	The Pickwick Papers	Charles Dickens
01:00	So I will call in Lincoln's Inn at one o'clock, and I trust that if possible you will see me.	one o'clock	Orley Farm	Anthony Trollope
01:00	And now I propose to go up to London to-morrow, and to be at your chambers about one o'clock.	one o'clock	Orley Farm	Anthony Trollope
01:05	The sun never seems so bright or the turf so green as during the first five minutes after one has come out of the detention-room.	five minutes after one	Mike	P. G. Wodehouse
01:10	"It must have been about five or ten minutes past one. . . .	ten minutes past one	The Scarlet Pimpernel	Baroness Orczy
01:10	Ten minutes after one is taken, the effect is produced.	Ten minutes after one	The Count of Monte Cristo	Alexandre Dumas, Pere
01:10	It was now ten minutes past one.	ten minutes past one	The Moonstone	Wilkie Collins
01:15	The clock struck the quarter after one, when I laid my hands on the window-sill of my own room.	quarter after one	The Woman in White	Wilkie Collins
01:20	Sergeant Tuson, of the City Police, was somewhat surprised, therefore to see a gentleman with a carpet bag come down the steps at twenty minutes past one.	twenty minutes past one	Memoirs of Sherlock Holmes	Sir Arthur Conan Doyle
01:20	It will take him time to arrive here—see, it is twenty minutes past one—and there are yet some times before he can hither come, be he never so quick.	twenty minutes past one	Dracula	Bram Stoker
01:20	… begging that the messenger might be despatched with the reply by the eleven o'clock morning train, which would bring him to our station at twenty minutes past one …	twenty minutes past one	The Woman in White	Wilkie Collins
01:20	It was twenty minutes past one.	twenty minutes past one	Armadale	Wilkie Collins
01:25	It was twenty-five minutes past one when Raffles …	twenty-five minutes past one	The Amateur Cracksman	E. W. Hornung
01:25	It was then twenty-five minutes past one o'clock.	twenty-five minutes past one o'clock	The Moonstone	Wilkie Collins
01:30	At half past one the house-physician came in, rang the bell, and told the porter to send in the old patients.	half past one	Of Human Bondage	W. Somerset Maugham
01:30	IT was about half past one—three bells in the sea phrase—that the two boats went ashore from the HISPANIOLA.	half past one	Treasure Island	Robert Louis Stevenson
01:30	The moments slip away so, in the confidence of old times, Master Copperfield, that it's almost half past one!'	half past one	David Copperfield	Charles Dickens
01:30	"HETTY, Hetty, don't you know church begins at two, and it's gone half after one a'ready?	half after one	Adam Bede	George Eliot
01:30	It is now half after one …	half after one	Northanger Abbey	Jane Austen
01:40	It was twenty minutes to two.	twenty minutes to two	The Picture of Dorian Gray	Oscar Wilde
01:41	… corked with cotton-wool, between his teeth, and a tiny screw-driver behind his ear, squirmed feet first through the ventilator over his berth; and it was nineteen minutes to two when he returned …	nineteen minutes to two	The Amateur Cracksman	E. W. Hornung
01:45	Was back again by a quarter to two, having in the meantime sketched a paper for The West End.	a quarter to two	New Grub Street	George Gissing
01:45	If all went well, they would be in front of the Castle by about a quarter to two.	a quarter to two	The Prisoner of Zenda	Anthony Hope
01:45	I waited in vain till the clock on the front staircase struck the quarter to two.	quarter to two	The Moonstone	Wilkie Collins
01:45	It was not yet a quarter to two when I heard horses' feet and wheels outside.	a quarter to two	Bleak House	Charles Dickens
01:45	'A quarter to two,' said Pell, looking at the parlour clock.	A quarter to two	The Pickwick Papers	Charles Dickens
01:45	The last man had just gone to the wickets, with the score at a hundred and thirty-one, when a quarter to two arrived, and with it the luncheon interval.	a quarter to two	Mike	P. G. Wodehouse
01:59	But on no account would he have rung the palace bell one minute before two o'clock.	one minute before two o'clock	The Last Chronicle of Barset	Anthony Trollope
02:00	A maid-servant, recently emancipated from the Board school, came at half-past seven each morning, and remained until two o'clock …	two o'clock	New Grub Street	George Gissing
02:00	Between twelve and two o'clock, as the day was mapped out, the prince rested and the princess played the clavichord.	two o'clock	War and Peace	Leo Tolstoy
02:00	But that determination was pronounced after two mutton chops at "The Cock," between one and two o'clock in the morning.	two o'clock in the morning	The Last Chronicle of Barset	Anthony Trollope
02:00	Happily, about two o'clock, Ned Land brought down a magnificent hog; from the brood of those the natives call "bari-outang."	two o'clock	Twenty Thousand Leagues under the Sea (slightly abridged)	Jules Verne
02:00	I trust I shall get as far before two o'clock; but to do so I must be on my road."	two o'clock	The Last Chronicle of Barset	Anthony Trollope
02:00	She had heard the crash of Platte's cart at two o'clock that morning, and his voice calling the mare names.	two o'clock	Plain Tales from the Hills	Rudyard Kipling
02:10	"Ten minutes past two, sir," answered the man, looking at the clock and blinking.	Ten minutes past two	The Picture of Dorian Gray	Oscar Wilde
02:10	When the house-maid has got to the station, and has done her best to disappear in the crowd (I have chosen the mixed train at 2:10 …	at 2:10	Armadale	Wilkie Collins
02:20	About twenty minutes after two, on this eventful day, the vast and gloomy shed of Waterloo lay, like the temple of a dead religion, silent and deserted.	twenty minutes after two	The Wrong Box	Robert Louis Stevenson and Lloyd Osbourne
02:20	She looked at her watch, and it was twenty minutes past two.	twenty minutes past two	A Tale of Two Cities A Story of the French Revolution	Charles Dickens
02:20	'Twenty minutes past two, Mr. Drood, I set your watch at.	Twenty minutes past two	The Mystery of Edwin Drood	Charles Dickens
02:30	At half past two in the morning Morcerf was conducted to his apartments, where a bath and supper were prepared.	half past two in the morning	The Count of Monte Cristo	Alexandre Dumas, Pere
02:30	Crouching low and cloaking the flame with my jacket I struck a match; 2.30 a.m.—the tide had been ebbing for about three hours and a half.	2.30 a.m.	The Riddle of the Sands	Erskine Childers
02:30	… month, year, 2.30 A.M. . . . for the sake of our old friendship I ask you to put some work in the way of Mr. James So-and-so …	2.30 A.M.	Lord Jim	Joseph Conrad
02:30	"It's just gone half past two."	half past two	Great Expectations	Charles Dickens
02:35	You can get away, if you are in a hurry, by the 10:30 train, which will bring you to Paddington by 2:35.	by 2:35	Dracula	Bram Stoker
02:35	They entered Anglebury Station in the dead, still time of early morning, the clock over the booking-office pointing to twenty-five minutes to three.	twenty-five minutes to three	Desperate Remedies	Thomas Hardy
02:35	At five-and-twenty minutes to three, Captain Nemo appeared in the saloon.	five-and-twenty minutes to three	Twenty Thousand Leagues under the Sea (slightly abridged)	Jules Verne
02:40	"To-morrow," added the Captain, rising, "to-morrow, at twenty minutes to three p.m., the Nautilus shall float, and leave the Strait of Torres uninjured."	twenty minutes to three	Twenty Thousand Leagues under the Sea (slightly abridged)	Jules Verne
02:40	Mr. Pappleworth came at twenty minutes to three.	twenty minutes to three	Sons and Lovers	David Herbert Lawrence
02:45	"There's a train at a quarter to three, gets to Knype at ten minutes past." said Amy. officiously.	a quarter to three	The Old Wives' Tale	Arnold Bennett
02:45	… impatient for the expected arrival, and thought himself wickedly ill-used in that Mr. Sowerby was not there when the clock struck a quarter to three.	a quarter to three	Framley Parsonage	Anthony Trollope
02:45	On these occasions, Mrs MacStinger was knocked up by the policeman at a quarter before three in the morning, and rarely such before twelve o'clock next night.	a quarter before three in the morning	Dombey and Son	Charles Dickens
02:45	It was then a quarter to three o'clock by my watch.	a quarter to three o'clock	The Woman in White	Wilkie Collins
02:45	'Thanks to your worthy governor, Sir,' said Mr. Trotter, 'we have half a leg of mutton, baked, at a quarter before three, with the potatoes under it to save boiling.'	a quarter before three	The Pickwick Papers	Charles Dickens
02:45	At a quarter to three Carol had left home …	a quarter to three	Main Street	Sinclair Lewis
02:55	At five minutes to three the Vaults spewed forth a squirt of roysterers who walked on the pavement as on a tight-rope …	five minutes to three	The Old Wives' Tale	Arnold Bennett
02:55	As the clock over the South-street Alms-house pointed to five minutes to three …	five minutes to three	Far from the Madding Crowd	Thomas Hardy
02:55	'Five minutes to three,' growled Newman; 'it can't want more by this time; and I had my breakfast at eight o'clock, and SUCH a breakfast! and my right dinner-time two!	Five minutes to three	The Life And Adventures Of Nicholas Nickleby	Charles Dickens
03:00	But at three o'clock he shook out the reins over the trotters and turned into the by-roads leading to Portsmouth.	three o'clock	The Age of Innocence	Edith Wharton
03:00	He is going, as I said, to call at Mercy Farm at three o'clock—but I have an appointment at two."	three o'clock	The Lair of the White Worm	Bram Stoker
03:00	IT was about three o'clock when Adam entered the farmyard and roused Alick and the dogs from their Sunday dozing.	three o'clock	Adam Bede	George Eliot
03:00	It appointed a meeting for three o'clock the next day, at a lonely place in the interior of the island.	three o'clock	Armadale	Wilkie Collins
03:00	It was three o'clock, and I think both our brains were beginning to be addled with thinking in close confinement.	three o'clock	The Riddle of the Sands	Erskine Childers
03:00	… the woman took the money, and proposed three o'clock on the next day as the time for the interview.	three o'clock	The Woman in White	Wilkie Collins
03:05	The clock on the mantelpiece showed five minutes past three.	five minutes past three	The Old Wives' Tale	Arnold Bennett
03:05	It was now five minutes past three.	five minutes past three	Howards End	E. M. Forster
03:10	The sails and the English flag were hoisted at ten minutes past three.	ten minutes past three	Around the World in 80 Days	Jules Verne
03:10	On the anniversary of her birthday, which was upon the nineteenth of July ('at ten minutes past three o'clock in the morning,' thought Mrs. Nickleby in a parenthesis …	ten minutes past three o'clock in the morning	The Life And Adventures Of Nicholas Nickleby	Charles Dickens
03:15	"Exactly as you predicted, Mr. Graham," said Madeline: "blindman's buff at a quarter past three, and snap-dragon at five."	a quarter past three	Orley Farm	Anthony Trollope
03:15	The Board always met at three, and had generally been dissolved at a quarter past three.	a quarter past three	The Way We Live Now	Anthony Trollope
03:15	I was wired for at 3:15, reached Yoxley Old Place at 5, conducted my investigation, was back at Charing Cross by the last train, and straight to you by cab."	at 3:15	The Return of Sherlock Holmes	Arthur Conan Doyle
03:20	It was twenty minutes past three.	twenty minutes past three	The Old Wives' Tale	Arnold Bennett
03:25	The lama, not so well used to trains as he had pretended, started as the 3.25 a.m. south-bound roared in.	3.25 a.m.	Kim	Rudyard Kipling
03:25	Twenty-five minutes past three were now marked upon the face of the watch.	Twenty-five minutes past three	Night and Day	Virginia Woolf
03:30	Although I left the office at half past three …	half past three	David Copperfield	Charles Dickens
03:30	Abbey Grange, Marsham, Kent, 3:30 A.M. MY DEAR MR.	3:30 A.M.	The Return of Sherlock Holmes	Arthur Conan Doyle
03:30	The Bournemouth train left at 3.30.	at 3.30	The Secret Adversary	Agatha Christie
03:33	Aloysius Gonzaga), sunrise 3.33 a.m., sunset 8.29 p.m.	3.33 a.m.	Ulysses	James Joyce
03:45	It was a quarter to four when the innings began, and stumps were to be drawn at a quarter to seven.	a quarter to four	Mike	P. G. Wodehouse
03:45	Our visitors arrived at the appointed time, but it was a quarter to four before my friend put in an appearance.	a quarter to four	Memoirs of Sherlock Holmes	Sir Arthur Conan Doyle
03:45	None of the cars turned into the meadow-none till a quarter to four, when Kennicott drove in.	a quarter to four	Main Street	Sinclair Lewis
03:45	"But blindman's buff at three, with snap-dragon at a quarter to four—charades at five, with wine and sweet cake at half-past six, is ponderous.	a quarter to four	Orley Farm	Anthony Trollope
03:45	Wrykyn had then gone in, lost Strachan for twenty before lunch, and finally completed their innings at a quarter to four for a hundred and thirty-one.	a quarter to four	Mike	P. G. Wodehouse
03:45	(You will not be surprised to learn that I instantly looked at my watch—though it takes long to write what I have described—but the time was only a quarter to four.)	a quarter to four	The Riddle of the Sands	Erskine Childers
03:50	At ten minutes before four these two heroes might be seen walking up Pall Mall, towards the —— Club.	ten minutes before four	Doctor Thorne	Anthony Trollope
03:50	"It was ten minutes to four," he said, "and the middle watch was not relieved yet of course.	ten minutes to four	Lord Jim	Joseph Conrad
04:00	"Four o'clock.—Half an hour since, I put on my bonnet to go out and post the letter to Midwinter myself.	Four o'clock	Armadale	Wilkie Collins
04:00	About four o'clock she packed up anew the few small articles she had brought in her flight from Alderworth …	four o'clock	Return of the Native	Thomas Hardy
04:00	At four o'clock Mr. Bushy, the postmaster, with another neighbour who lived east of us, stopped in to get warm.	four o'clock	My Antonia	Willa Cather
04:00	He had an appointment to meet his wife here at four o'clock, and when he came he found her gone.	four o'clock	The Small House at Allington	Anthony Trollope
04:00	It was now nearly four o'clock, and a mist was gathering: the sooner he got into the road the better.	four o'clock	Silas Marner The Weaver of Raveloe	George Eliot
04:00	The next morning at four o'clock I was awakened by the steward whom Captain Nemo had placed at my service.	four o'clock	Twenty Thousand Leagues under the Sea (slightly abridged)	Jules Verne
04:05	At five minutes past four she still waited, and had begun to fear that the passing rain might have led Jasper to think she would not come.	five minutes past four	New Grub Street	George Gissing
04:10	'At ten minutes past four, after another effusion.	ten minutes past four	Desperate Remedies	Thomas Hardy
04:15	As the church clock struck the quarter past four, the morning-room door opened; and Mrs. Vanstone crossed the hall alone.	quarter past four	No Name	Wilkie Collins
04:15	"It is only a quarter past four" showing his watch—"and you are not now in Bath.	a quarter past four	Northanger Abbey	Jane Austen
04:15	'About a quarter after four, Sir.	a quarter after four	Dombey and Son	Charles Dickens
04:20	Will twenty minutes after four suit you?"	twenty minutes after four	Mansfield Park	Jane Austen
04:25	It was twenty-five minutes past four.	twenty-five minutes past four	The Adventures of Sherlock Holmes	Arthur Conan Doyle
04:30	He made improper overtures to me to misconduct myself at half past four p.m. on the following Thursday, Dunsink time.	half past four	Ulysses	James Joyce
04:30	In answer to the Coroner's question, she told how, her alarm clock having aroused her at 4.30 as usual …	at 4.30	The Mysterious Affair at Styles	Agatha Christie
04:30	"Gentlemen," said d'Artagnan, "it is half past four, and we have scarcely time to be on the road of Chaillot by six."	half past four	The Three Musketeers	Alexandre Dumas, Pere
04:30	Father at Chiswick, wouldn't think of coming down, till after the turn, and that's at half after four.	half after four	Our Mutual Friend	Charles Dickens
04:30	About half past four I went up to the railway station to get an evening paper …	half past four	The War of the Worlds	H. G. Wells
04:30	Manning fixed the time at about 4.30, William was of the opinion that it was rather earlier.	about 4.30	The Mysterious Affair at Styles	Agatha Christie
04:35	It must have been about 4.35 when there was another shifting of chairs within.	about 4.35	The Riddle of the Sands	Erskine Childers
04:40	… when, taking out his watch, he stopped short to pronounce it with surprise within twenty minutes of five!	twenty minutes of five	Northanger Abbey	Jane Austen
04:40	It was twenty minutes to five when we drew up before the bank in Lombard Street.	twenty minutes to five	The Moonstone	Wilkie Collins
04:45	You are safe for another hour, but to make certain you shall go at a quarter to five.	a quarter to five	New Grub Street	George Gissing
04:45	I've got poor little Fanny Robin in my waggon outside, and I must be at the churchyard gates at a quarter to five with her."	a quarter to five	Far from the Madding Crowd	Thomas Hardy
04:45	… at half-past four she had created the Georgian town; at a quarter to five she was in the dignified poverty of the Congregational parsonage …	a quarter to five	Main Street	Sinclair Lewis
04:45	He's always there from quarter to five to twenty to eight.	quarter to five	Memoirs of Sherlock Holmes	Sir Arthur Conan Doyle
04:45	"Quarter to five," sighed Dick; "almost another hour to wait.	Quarter to five	The Beautiful and the Damned	F. Scott Fitzgerald
04:45	… so imperative that Strether went through no form of assent; but before they separated it had been confirmed that he should be picked up at a quarter to five.	a quarter to five	The Ambassadors	Henry James
04:50	When told that it was ten minutes to five she rose at once, and said:	ten minutes to five	Night and Day	Virginia Woolf
04:55	The clock in the dairy told him that it was five minutes to five but …	five minutes to five	A Portrait of the Artist as a Young Man	James Joyce
04:56	He went to the door and looked out; there was no car in sight and his watch stood at four minutes of five.	four minutes of five	The Beautiful and the Damned	F. Scott Fitzgerald
04:58	… her enthusiasm pattering upon Mrs. Leonard Warren like summer rain upon an old gray roof; at two minutes to five a town of demure courtyards and welcoming dormer windows had been erected …	two minutes to five	Main Street	Sinclair Lewis
05:00	"I arrived at five o'clock as you told me yesterday," I answered aloud, with an irritability that threatened an explosion.	five o'clock	Notes from the Underground	Feodor Dostoevsky
05:00	It was nearly five o'clock when, on this special occasion, the secretary returned from the board-room to his own office.	five o'clock	The Small House at Allington	Anthony Trollope
05:00	Land was not signalled until five o'clock on the morning of the 6th; the steamer was due on the 5th.	five o'clock	Around the World in 80 Days	Jules Verne
05:00	… and, therefore, at five o'clock the Mayor of Barchester proclaimed the results of the contest in the following figures	five o'clock	Doctor Thorne	Anthony Trollope
05:00	"How do you mean?" faltered Nikolay Parfenovitch, "when at five o'clock on the same day, from your own confession—"	five o'clock	The Brothers Karamazov	Fyodor Dostoyevsky
05:00	"I am not going to guess, at five o'clock in the morning, with my brains frying and sputtering in my head.	five o'clock in the morning	A Tale of Two Cities A Story of the French Revolution	Charles Dickens
05:01	"One minute past five," replied Gideon Spilett directly.	One minute past five	The Mysterious Island	Jules Verne
05:02	… at two minutes to five a town of demure courtyards and welcoming dormer windows had been erected, and at two minutes past five the entire town was as flat as Babylon.	two minutes past five	Main Street	Sinclair Lewis
05:10	At ten minutes past five Albert entered overjoyed.	ten minutes past five	The Count of Monte Cristo	Alexandre Dumas, Pere
05:15	'When I woke this morning, Captain,' said Rob, 'which was about a quarter after five, I found these on my pillow.	a quarter after five	Dombey and Son	Charles Dickens
05:15	Bore up at 5.15, and raced up the channel with the booms on our left scarcely visible in the surf and rising water.	at 5.15	The Riddle of the Sands	Erskine Childers
05:15	Even so, however, they slept soundly—it was necessary for Teta Elzbieta to pound more than once on the door at a quarter past five every morning.	a quarter past five	The Jungle	Upton Sinclair
05:15	At a quarter past five o'clock …	a quarter past five o'clock	The Life And Adventures Of Nicholas Nickleby	Charles Dickens
05:20	He looked up at the clock—twenty minutes past five Then he sat down on a chair to put on his boots.	twenty minutes past five	Women in Love	D. H. Lawrence
05:20	Somebody remarked that it was twenty minutes past five o'clock, and that woke me up.	twenty minutes past five o'clock	Roughing It	Mark Twain (Samuel Clemens)
05:25	It was only twenty-five minutes past five.	twenty-five minutes past five	Notes from the Underground	Feodor Dostoevsky
05:28	I shall get to Knype at 5.28, and take the Loop.	at 5.28	The Old Wives' Tale	Arnold Bennett
05:30	With a vague, inopportune wish that he were married, he fell into a deep sleep about half past five.	half past five	Flappers and Philosophers	F. Scott Fitzgerald
05:30	He wrote out the address and told her that if she came at half past five he would be ready for her.	half past five	Of Human Bondage	W. Somerset Maugham
05:30	The public-houses were open, several of them specializing in hot rum at 5.30 a.m.	5.30 a.m.	The Old Wives' Tale	Arnold Bennett
05:30	At half after five I went below to set the cabin table …	half after five	The Sea-Wolf	Jack London
05:30	Starting at 5.30 we tacked on the tide over the "water-shed" behind Spiekeroog.	at 5.30	The Riddle of the Sands	Erskine Childers
05:30	It was only half past five, but he could see scarcely ten steps before him, except when the lightning made everything vivid and grotesque for great sweeps around.	half past five	This Side of Paradise	F. Scott Fitzgerald
05:35	Wrykyn started batting at twenty-five minutes to six …	twenty-five minutes to six	Mike	P. G. Wodehouse
05:40	Cabs rattled by him over the bridge on their way to meet the train from London, at twenty minutes to six.	twenty minutes to six	No Name	Wilkie Collins
05:40	Dinner passed as breakfast had done, and Mr. Fogg re-appeared in the reading-room and sat down to the Pall Mall at twenty minutes before six.	twenty minutes before six	Around the World in 80 Days	Jules Verne
05:40	We left the mules, sharpened our finger-nails, and began the ascent I have been writing about so long, at twenty minutes to six in the morning.	twenty minutes to six in the morning	The Innocents Abroad	Mark Twain (Samuel Clemens)
05:45	"We breakfast about a quarter to six, but I daresay you won't want to get up as early as that.	a quarter to six	Of Human Bondage	W. Somerset Maugham
05:45	At half-past five, there was a rush of four people to the gallery-door; at a quarter before six …	a quarter before six	The Life And Adventures Of Nicholas Nickleby	Charles Dickens
05:45	At a quarter before six the travellers reached the station, and found the train ready to depart.	a quarter before six	Around the World in 80 Days	Jules Verne
05:45	At a quarter to six he rose, cut two thick slices of bread and butter, and put them in the white calico snap-bag.	a quarter to six	Sons and Lovers	David Herbert Lawrence
05:45	If you had come in yesterday at a particular moment—about half-past five, perhaps, or a quarter to six—you would have found me in tears.	a quarter to six	The Picture of Dorian Gray	Oscar Wilde
05:45	"It wants a quarter to six at present," said Bathsheba, looking at her watch.	a quarter to six	Far from the Madding Crowd	Thomas Hardy
05:50	The hands of the station clock pointed to ten minutes to six.	ten minutes to six	Piccadilly Jim	P. G. Wodehouse
06:00	"About six o'clock a banquet prepared in the meadow of Monsieur Leigeard brought together the principal personages of the fete.	six o'clock	Madame Bovary	Gustave Flaubert
06:00	"I think that this typewritten letter is from you, in which you made an appointment with me for six o'clock?"	six o'clock	The Adventures of Sherlock Holmes	Arthur Conan Doyle
06:00	"They attend matins with me (very prettily done) at half-past six o'clock in the morning all the year round …	six o'clock in the morning	Bleak House	Charles Dickens
06:00	At six o'clock it became suddenly daylight, with that rapidity peculiar to tropical regions, which know neither dawn nor twilight.	six o'clock	Twenty Thousand Leagues under the Sea (slightly abridged)	Jules Verne
06:00	By six o'clock the task was done, the coffin nailed down, and Adam and Seth were on their way home.	six o'clock	Adam Bede	George Eliot
06:00	Maid-servants who would not come from their bedrooms at six o'clock, he would himself disturb while enjoying their stolen slumbers.	six o'clock	Orley Farm	Anthony Trollope
06:05	Reaching out a hand for his watch, he found that it was five minutes past six.	five minutes past six	Mike	P. G. Wodehouse
06:10	Seventeen for three had become twenty-four for three, and the hands of the clock stood at ten minutes past six.	ten minutes past six	Mike	P. G. Wodehouse
06:10	'Ten minutes past six; very nearly dark.	Ten minutes past six	North and South	Elizabeth Cleghorn Gaskell
06:15	A quarter past six struck, and then Psmith made a suggestion which altered the game completely.	A quarter past six	Mike	P. G. Wodehouse
06:15	It was a quarter past six when we left Baker Street, and it still wanted ten minutes to the hour when we found ourselves in Serpentine Avenue.	a quarter past six	The Adventures of Sherlock Holmes	Arthur Conan Doyle
06:15	We hope to float at 6.15 to-morrow morning …	at 6.15	The Riddle of the Sands	Erskine Childers
06:15	… that unless the next morning, before six o'clock, four thousand piastres were paid into his account at his banker's, at a quarter past six I should have ceased to exist.	a quarter past six	The Count of Monte Cristo	Alexandre Dumas, Pere
06:20	"Come, Mark, it is twenty minutes past six.	twenty minutes past six	Framley Parsonage	Anthony Trollope
06:30	He had ordered his three Musketeers and their companion to be with him at half past six in the morning.	half past six in the morning	The Three Musketeers	Alexandre Dumas, Pere
06:30	He left at two after giving her the addresses of two nurses to call up and promising to return at half past six.	half past six	Flappers and Philosophers	F. Scott Fitzgerald
06:30	… going in first early in the morning, had neither completed its innings nor declared it closed when stumps were drawn at 6.30.	at 6.30	Mike	P. G. Wodehouse
06:30	'Just gone half after six,' replied his small friend, helping him to sit up again.	half after six	The Old Curiosity Shop	Charles Dickens
06:30	The bed was tilted against the wall by day, and let down at 6:30 …	at 6:30	Peter Pan Peter Pan and Wendy	James M. Barrie
06:30	My uncle'll have wirelesses zigzagging all over this ocean by half past six."	half past six	Flappers and Philosophers	F. Scott Fitzgerald
06:35	"Reached Turin by Mont Cenis, Friday, October 4th, at 6.35 a.m.	6.35 a.m.	Around the World in 80 Days	Jules Verne
06:40	Having to change ’buses, I allowed plenty of time—in fact, too much; for we arrived at twenty minutes to seven …	twenty minutes to seven	The Diary of a Nobody	George Grossmith
06:40	'At twenty minutes before seven, then,' said Mr. Pyke, rising, 'the coach will be here.	twenty minutes before seven	The Life And Adventures Of Nicholas Nickleby	Charles Dickens
06:40	Sir Mulberry sends a carriage for you—twenty minutes before seven to the moment—you'll not be so cruel as to disappoint the whole party, Mrs. Nickleby?'	twenty minutes before seven	The Life And Adventures Of Nicholas Nickleby	Charles Dickens
06:40	But about twenty minutes to seven, as I knew from bitter experience, the milkman turned up with a great clatter of cans, and deposited my share outside my door.	twenty minutes to seven	The Thirty-nine Steps	John Buchan
06:40	It was then twenty minutes to seven.	twenty minutes to seven	No Name	Wilkie Collins
06:42	It had been sent off from Waterloo at 6.42.	at 6.42	The Amateur Cracksman	E. W. Hornung
06:45	It was a quarter to four when the innings began, and stumps were to be drawn at a quarter to seven.	a quarter to seven	Mike	P. G. Wodehouse
06:45	Home once more at 6.45, and for two hours wrote steadily at a long affair I have in hand for The Current.	at 6.45	New Grub Street	George Gissing
06:45	At one minute after the quarter to seven I heard the rattle of the cans outside.	quarter to seven	The Thirty-nine Steps	John Buchan
06:45	He was still hurriedly thinking all this through, unable to decide to get out of the bed, when the clock struck quarter to seven.	quarter to seven	Metamorphosis	Franz Kafka
06:45	It was half past six and the hands were quietly moving forwards, it was even later than half past, more like quarter to seven.	quarter to seven	Metamorphosis	Franz Kafka
06:45	As the clock pointed to a quarter to seven, the dog woke and shook himself.	a quarter to seven	No Name	Wilkie Collins
06:46	M., on 1st May, arriving at Vienna early next morning; should have arrived at 6:46, but train was an hour late.	at 6:46	Dracula	Bram Stoker
06:55	I'll be down in the little drawing-room five minutes before seven, and I suppose I'll find you there."	five minutes before seven	The Small House at Allington	Anthony Trollope
06:55	At five minutes before seven Lord De Guest came into the small drawing-room, and found Johnny seated there, with a book before him.	five minutes before seven	The Small House at Allington	Anthony Trollope
06:55	By Reardon's watch it was now about five minutes to seven.	five minutes to seven	New Grub Street	George Gissing
06:55	… it would not do to get too much absorbed in anything, and forget the time; so she thought we had better sit quietly, without lighting the candles, till five minutes to seven.	five minutes to seven	Cranford	Elizabeth Cleghorn Gaskell
06:57	"It only wants three minutes to seven.	three minutes to seven	Orley Farm	Anthony Trollope
07:00	At about seven o'clock we found ourselves at last surveying the oyster-banks on which the pearl-oysters are reproduced by millions.	seven o'clock	Twenty Thousand Leagues under the Sea (slightly abridged)	Jules Verne
07:00	It was about seven o'clock in the morning when Cyrus Harding, Herbert, Pencroft, Gideon Spilett, and Neb quitted the encampment.	seven o'clock in the morning	The Mysterious Island	Jules Verne
07:00	It was now about seven o'clock, and as I waited I heard once again that ominous beat in the air.	seven o'clock	The Thirty-nine Steps	John Buchan
07:00	Stepan Arkadyevitch was not dining at home, but he promised to come and see his sister off at seven o'clock.	seven o'clock	Anna Karenina	Leo Tolstoy
07:00	They had always required the men to be on the killing beds and ready for work at seven o'clock …	seven o'clock	The Jungle	Upton Sinclair
07:00	WHEN Magdalen appeared in the parlor shortly before seven o'clock, not a trace of discomposure was visible in her manner.	seven o'clock	No Name	Wilkie Collins
07:05	It was not till five minutes past seven that the gate bell rang, and the agent made his appearance.	five minutes past seven	The Woman in White	Wilkie Collins
07:05	"Let us go," said he; "it is five minutes past seven, and the appointment was for eight o'clock."	five minutes past seven	The Count of Monte Cristo	Alexandre Dumas, Pere
07:10	Glancing out of the corner of his eye into a shop, he saw by a clock on the wall that it was ten minutes past seven.	ten minutes past seven	Crime and Punishment	Fyodor Dostoevsky
07:10	'The easy dash of ten minutes past seven, the rakish recklessness of a quarter past, the drooping weariness of twenty-five minutes past, must have been observed by everybody.'	ten minutes past seven	Desperate Remedies	Thomas Hardy
07:15	When the clock pointed to a quarter past seven, she went off to the "Lion d'Or," whose door Artemise opened yawning.	a quarter past seven	Madame Bovary	Gustave Flaubert
07:15	Beneath this royal group, a vast gilt clock, flanked by pendants of the same period, gave the right time—a quarter past seven.	a quarter past seven	The Old Wives' Tale	Arnold Bennett
07:15	But then he said to himself: "Before it strikes quarter past seven I'll definitely have to have got properly out of bed.	quarter past seven	Metamorphosis	Franz Kafka
07:15	Philip had agreed to wait outside from a quarter past seven onwards.	a quarter past seven	Of Human Bondage	W. Somerset Maugham
07:15	It was just a quarter past seven then.	a quarter past seven	Title: The Idiot	Fyodor Dostoyevsky
07:15	… because there were none that could be called night trains, the latest being the one I had this morning fixed on to bring me to Norden, where it arrived at 7.15.	at 7.15	The Riddle of the Sands	Erskine Childers
07:20	But your smoke didn't rise this morning till twenty minutes past seven by my beater; and that's late, Grammer Oliver."	twenty minutes past seven	The Woodlanders	Thomas Hardy
07:20	The nearest station for departure was London Bridge, and the next train left at 7.20.	at 7.20	New Grub Street	George Gissing
07:20	"Reached Paris, Thursday, October 3rd, at 7.20 a.m.	7.20 a.m.	Around the World in 80 Days	Jules Verne
07:20	"Left Turin, Friday, at 7.20 a.m.	7.20 a.m.	Around the World in 80 Days	Jules Verne
07:23	"At twenty-three minutes past seven," replied Gauthier Ralph; "and the next does not arrive till ten minutes after twelve."	twenty-three minutes past seven	Around the World in 80 Days	Jules Verne
07:25	"I shall be passing here this day fortnight at precisely this hour of five-and-twenty minutes past seven.	five-and-twenty minutes past seven	Jude the Obscure	Thomas Hardy
07:25	Having won twenty guineas at whist, and taken leave of his friends, Phileas Fogg, at twenty-five minutes past seven, left the Reform Club.	twenty-five minutes past seven	Around the World in 80 Days	Jules Verne
07:30	"Which you please, monsieur!" said the light-horseman, drawing from his fob a very handsome watch, studded with diamonds; "half past seven."	half past seven	The Three Musketeers	Alexandre Dumas, Pere
07:30	At half past seven, when they had completed the six rounds, Anthony found that his intentions were giving audience to his desires.	half past seven	The Beautiful and the Damned	F. Scott Fitzgerald
07:30	I got up at 7.30, and whilst I breakfasted I read through a volume I had to review.	at 7.30	New Grub Street	George Gissing
07:30	Paddock used to arrive punctually at 7.30 and let himself in with a latch-key.	at 7.30	The Thirty-nine Steps	John Buchan
07:30	… for after rushing to the station at 7:30 I had to sit in the carriage for more than an hour before we began to move.	at 7:30	Dracula	Bram Stoker
07:30	But at half past seven he looked at his watch and said:	half past seven	Of Human Bondage	W. Somerset Maugham
07:40	No, it was twenty minutes to eight.	twenty minutes to eight	Dubliners	James Joyce
07:45	Beauchamp availed himself of Albert's permission, and left him, promising to call for him at a quarter before eight.	a quarter before eight	The Count of Monte Cristo	Alexandre Dumas, Pere
07:45	The Minster clock struck the quarter to eight as they left the Walk on the Wall and descended the steps into Rosemary Lane.	quarter to eight	No Name	Wilkie Collins
07:45	The general public, however, which most unreasonably entertained a grievance at having been excluded, stormed the doors at a quarter to eight …	a quarter to eight	The Lost World	Arthur Conan Doyle
07:45	… and by a quarter to eight they were all dressed and hurrying downstairs in their stockinged feet to pick out their boots.	a quarter to eight	Of Human Bondage	W. Somerset Maugham
07:45	At a quarter to eight I called to take him with me to the theatre.	a quarter to eight	The Woman in White	Wilkie Collins
07:45	Ladies, I shall expect you to be ready at exactly a quarter before eight.	a quarter before eight	The Way We Live Now	Anthony Trollope
07:50	"But don't be late, Count, if I may venture to ask; about ten minutes to eight, please.	ten minutes to eight	War and Peace	Leo Tolstoy
07:50	At ten minutes to eight Beauchamp arrived; he had seen Chateau-Renaud, who had promised to be in the orchestra before the curtain was raised.	ten minutes to eight	The Count of Monte Cristo	Alexandre Dumas, Pere
07:55	At five minutes before eight her hand was on the Patriarchal knocker, which was quite as high as she could reach.	five minutes before eight	Little Dorrit	Charles Dickens
07:55	Mr Pogram shook hands with him, and everybody else, once more; and when they came back again at five minutes before eight …	five minutes before eight	Life And Adventures Of Martin Chuzzlewit	Charles Dickens
07:55	At five minutes before eight, Passepartout, hatless, shoeless, and having in the squabble lost his package of shirts and shoes, rushed breathlessly into the station.	five minutes before eight	Around the World in 80 Days	Jules Verne
07:55	It was about five minutes to eight on a chilly morning after Easter.	five minutes to eight	The Old Wives' Tale	Arnold Bennett
08:00	"I am sure the shops are shut in Petersburg; it is past eight o'clock," he added, looking at his watch.	eight o'clock	Title: The Idiot	Fyodor Dostoyevsky
08:00	At eight o'clock, the hour at which Eustacia had promised to signal Wildeve if ever she signalled at all …	eight o'clock	Return of the Native	Thomas Hardy
08:00	He maintained all his delightful qualities to the last, until we started forth, at eight o'clock, for Mr. Peggotty's boat.	eight o'clock	David Copperfield	Charles Dickens
08:00	I left the house a little after eight o'clock this morning in the character of a groom out of work.	eight o'clock	The Adventures of Sherlock Holmes	Arthur Conan Doyle
08:00	It was now getting on for eight o'clock, and I went back and saw Scaife to give him his instructions.	eight o'clock	The Thirty-nine Steps	John Buchan
08:00	On the way, Marya Kondratyevna remembered that at about eight o'clock she heard a dreadful scream from their garden …	eight o'clock	The Brothers Karamazov	Fyodor Dostoyevsky
08:05	"It is only five minutes past eight," said he to Morrel; "there is not much time lost yet."	five minutes past eight	The Count of Monte Cristo	Alexandre Dumas, Pere
08:05	It was five minutes past eight.	five minutes past eight	Around the World in 80 Days	Jules Verne
08:10	A French clock on the mantelpiece told me that it was ten minutes past eight.	ten minutes past eight	Greenmantle	John Buchan
08:10	He was half delirious, and kept calling something about a chemistry lecture at 8:10.	at 8:10	This Side of Paradise	F. Scott Fitzgerald
08:12	It was twelve minutes past eight.	twelve minutes past eight	The Man in the Brown Suit	Agatha Christie
08:15	"By the way, I've got a lecture at nine, so I should want breakfast at a quarter past eight.	a quarter past eight	Of Human Bondage	W. Somerset Maugham
08:15	Joe had been at the Three Jolly Bargemen, smoking his pipe, from a quarter after eight o'clock to a quarter before ten.	a quarter after eight o'clock	Great Expectations	Charles Dickens
08:15	High water was about 8.15: it's now 10.15, and all those sands are drying off.	about 8.15	The Riddle of the Sands	Erskine Childers
08:15	'Yes,' I answered; 'there is a steamer at 8.15, I believe.'	at 8.15	The Riddle of the Sands	Erskine Childers
08:15	A quarter past eight, and nothing happened.	A quarter past eight	No Name	Wilkie Collins
08:20	"Twenty minutes after eight by the Quiet Woman, and Charley not come."	Twenty minutes after eight	Return of the Native	Thomas Hardy
08:20	The cab stopped before the railway station at twenty minutes past eight.	twenty minutes past eight	Around the World in 80 Days	Jules Verne
08:20	When the clock indicated twenty minutes past eight, Andrew Stuart got up, saying, "Gentlemen, in twenty minutes the time agreed upon between Mr. Fogg and ourselves will have expired."	twenty minutes past eight	Around the World in 80 Days	Jules Verne
08:20	"Twenty minutes past eight—but my watch is too fast.	Twenty minutes past eight	Adam Bede	George Eliot
08:23	… exactly at which hour Phileas Fogg rose, till half-past eleven, when he left the house for the Reform Club—all the details of service, the tea and toast at twenty-three minutes past eight …	twenty-three minutes past eight	Around the World in 80 Days	Jules Verne
08:25	At twenty-five minutes past eight a second shock took place, this time from behind.	twenty-five minutes past eight	Twenty Thousand Leagues under the Sea (slightly abridged)	Jules Verne
08:28	And at 8.28 on the following morning …	at 8.28	The Riddle of the Sands	Erskine Childers
08:30	But at 8.30 I had shaken off the dust of London from my feet …	at 8.30	The Riddle of the Sands	Erskine Childers
08:30	'Your Bradshaw will tell us—here it is: "Winter Service, 8.30 a.m., due at 9.5."'	8.30 a.m.	The Riddle of the Sands	Erskine Childers
08:30	Then there was a scrap, which Lily well knew to be in the handwriting of John Eames, and the scrap was as follows:—"Dearest M.—Punctually at 8.30.	at 8.30	The Last Chronicle of Barset	Anthony Trollope
08:30	At his particular request, I appointed to call for him at the Castle at half past eight on Monday morning, and so we parted for the time.	half past eight	Great Expectations	Charles Dickens
08:30	… looked in at the face as if he were consulting an oracular oyster, shut it up again, and said, if I pleased, it was half past eight.	half past eight	David Copperfield	Charles Dickens
08:30	"There," said the king, looking at a clock, "there, now, as it is half past eight, you may retire; for as I told you, I expect someone at nine.	half past eight	The Three Musketeers	Alexandre Dumas, Pere
08:35	At 8.35 a.m. you will be in heaven and Ireland will be free.	8.35 a.m.	Ulysses	James Joyce
08:40	Like the clock in Miss Havisham's room, and like Miss Havisham's watch, it had stopped at twenty minutes to nine.	twenty minutes to nine	Great Expectations	Charles Dickens
08:40	At twenty minutes to nine she did cross, a light hat tossed on her head; and he watched her as a curiosity.	twenty minutes to nine	Jude the Obscure	Thomas Hardy
08:40	At this moment, the hands of the club clock pointed to twenty minutes to nine.	twenty minutes to nine	Around the World in 80 Days	Jules Verne
08:40	… and saw that her watch had stopped at twenty minutes to nine, and that a clock in the room had stopped at twenty minutes to nine.	twenty minutes to nine	Great Expectations	Charles Dickens
08:40	Phileas Fogg and his servant seated themselves in a first-class carriage at twenty minutes before nine; five minutes later the whistle screamed, and the train slowly glided out of the station.	twenty minutes before nine	Around the World in 80 Days	Jules Verne
08:40	… or how it was, George could not say, but certain it was that from a quarter-past eight it had begun to go, and now pointed to twenty minutes to nine.	twenty minutes to nine	Three Men in a Boat (to say nothing of the dog)	Jerome K. Jerome
08:42	The clock indicated eighteen minutes to nine.	eighteen minutes to nine	Around the World in 80 Days	Jules Verne
08:43	"Seventeen minutes to nine," said Thomas Flanagan, as he cut the cards which Ralph handed to him.	Seventeen minutes to nine	Around the World in 80 Days	Jules Verne
08:44	"Sixteen minutes to nine!" said John Sullivan, in a voice which betrayed his emotion.	Sixteen minutes to nine	Around the World in 80 Days	Jules Verne
08:45	I heard of it first from my newspaper boy about a quarter to nine when I went out to get my Daily Chronicle.	a quarter to nine	The War of the Worlds	H. G. Wells
08:45	"If you decide on that you must be there at a quarter to nine tomorrow morning."	a quarter to nine	Of Human Bondage	W. Somerset Maugham
08:45	Admitting that he was at this moment taking an express train, he could reach London and the Reform Club by a quarter before nine, p.m.	a quarter before nine	Around the World in 80 Days	Jules Verne
08:45	When the trays re-appeared with biscuits and wine, punctually at a quarter to nine …	a quarter to nine	Cranford	Elizabeth Cleghorn Gaskell
08:45	"'We were returning from the Watt Street Mission about a quarter to nine o'clock.	a quarter to nine o'clock	Memoirs of Sherlock Holmes	Sir Arthur Conan Doyle
08:45	The clock indicated a quarter before nine when he appeared in the great saloon.	a quarter before nine	Around the World in 80 Days	Jules Verne
08:48	"It only wants twelve minutes to nine," Constance pointed out.	twelve minutes to nine	The Old Wives' Tale	Arnold Bennett
08:50	As he drove up to the Karenins' entrance he looked at his watch and saw it was ten minutes to nine.	ten minutes to nine	Anna Karenina	Leo Tolstoy
08:50	The hands, stealing their steady way round the dial of the clock, pointed to ten minutes to nine.	ten minutes to nine	No Name	Wilkie Collins
08:50	But there were forced delays, and when Mr. Fogg stepped from the train at the terminus, all the clocks in London were striking ten minutes before nine.	ten minutes before nine	Around the World in 80 Days	Jules Verne
08:50	"The car will be around at ten minutes of nine, sir."	ten minutes of nine	This Side of Paradise	F. Scott Fitzgerald
08:50	It was a quarter-past seven when we left Pall Mall, and my watch showed me that it was ten minutes to nine when we at last came to a standstill.	ten minutes to nine	Memoirs of Sherlock Holmes	Sir Arthur Conan Doyle
08:50	"It wants ten minutes to nine," said he.	ten minutes to nine	The Three Musketeers	Alexandre Dumas, Pere
08:55	George pulled out his watch and looked at it: it was five minutes to nine!	five minutes to nine	Three Men in a Boat (to say nothing of the dog)	Jerome K. Jerome
08:55	Do you think I should be standing here at five minutes to nine looking for it if I had it in my pocket all the while?	five minutes to nine	Three Men on the Bummel	Jerome K. Jerome
08:57	Punctuality is the politeness of princes, but it was not a leading characteristic of the school; and at three minutes to nine …	three minutes to nine	Mike	P. G. Wodehouse
08:58	"Two minutes to nine," he replied, telling the truth with a struggle.	Two minutes to nine	Sons and Lovers	David Herbert Lawrence
09:00	"The three classes are published in the Senate House at nine o'clock on the Friday morning, and you can't imagine—"	nine o'clock	Wives and Daughters An Every-Day Story	Elizabeth Cleghorn Gaskell
09:00	At nine o'clock the names were called, Sue's being pronounced three times sonorously by Miss Traceley without eliciting an answer.	nine o'clock	Jude the Obscure	Thomas Hardy
09:00	He drew out his watch, and exclaimed, 'Morbleu, nearly nine o'clock—why, I shall not get back to Beaucaire before midnight!	nine o'clock	The Count of Monte Cristo	Alexandre Dumas, Pere
09:00	It was nine o'clock when Ruby went up-stairs,—and then Mrs. Pipkin locked both the front door and the area gate.	nine o'clock	The Way We Live Now	Anthony Trollope
09:00	About nine o'clock the light among the trees was extinguished, and all was dark in the direction of the Manor House.	nine o'clock	The Adventures of Sherlock Holmes	Arthur Conan Doyle
09:00	At Pontoise he changed his horse for the last time, and at nine o'clock galloped into the yard of Treville's hotel.	nine o'clock	The Three Musketeers	Alexandre Dumas, Pere
09:10	Ten minutes past nine!' said the little man, looking at his watch.	Ten minutes past nine	The Pickwick Papers	Charles Dickens
09:10	There isn't another train till ten past nine.	ten past nine	New Grub Street	George Gissing
09:11	"There's one about 9:11 if you really must go."	about 9:11	This Side of Paradise	F. Scott Fitzgerald
09:12	Harding and his companions had left Granite House at twelve minutes past nine.	twelve minutes past nine	The Mysterious Island	Jules Verne
09:15	'His secretary, Mr. Stangerson, said that there were two trains—one at 9.15 and one at 11.	at 9.15	A Study In Scarlet	Arthur Conan Doyle
09:15	The search began at dawn, but a quarter past nine o'clock came without bringing any result.	a quarter past nine o'clock	Desperate Remedies	Thomas Hardy
09:15	At about a quarter past nine the buyer arrived.	a quarter past nine	Of Human Bondage	W. Somerset Maugham
09:20	At twenty minutes past nine Doctor Jerome told me to bring the lamp to the bedside.	twenty minutes past nine	The Law and the Lady	Wilkie Collins
09:20	There was a train back to Paris at 9.20 …	at 9.20	The Ambassadors	Henry James
09:20	It was twenty minutes past nine only....	twenty minutes past nine	Under Western Eyes	Joseph Conrad
09:22	'There's a train at Emden at 9.22 from Leer and the south, and one at 10.50 from the north.'	at 9.22	The Riddle of the Sands	Erskine Childers
09:25	"Twenty-five minutes past nine!" cried M. de Treville, looking at the clock; "why, that's impossible!"	Twenty-five minutes past nine	The Three Musketeers	Alexandre Dumas, Pere
09:25	… "but I thought, as it was yet only twenty-five minutes past nine …	twenty-five minutes past nine	The Three Musketeers	Alexandre Dumas, Pere
09:30	Given out on the Wednesday night at eight o'clock, brought in on the Thursday morning at half after nine."	half after nine	Bleak House	Charles Dickens
09:30	"Go and call upon him, in order that he may give evidence of your having been with him at half past nine.	half past nine	The Three Musketeers	Alexandre Dumas, Pere
09:30	As it approached nearer and nearer to half past nine o'clock, our restless expectation of Mr. Micawber increased.	half past nine o'clock	David Copperfield	Charles Dickens
09:30	The warning-bell will ring at nine; the family take breakfast at half past nine.'	half past nine	David Copperfield	Charles Dickens
09:30	Given out Wednesday night, eight o'clock; brought in Thursday morning, half after nine."	half after nine	Bleak House	Charles Dickens
09:30	I will call at the palace to-morrow at 9:30 A.M. as you desire.	9:30 A.M.	Barchester Towers	Anthony Trollope
09:40	… the tea and toast at twenty-three minutes past eight, the shaving-water at thirty-seven minutes past nine, and the toilet at twenty minutes before ten.	twenty minutes before ten	Around the World in 80 Days	Jules Verne
09:40	Nevertheless, at twenty minutes to ten o'clock, Oak came out of his house, and	twenty minutes to ten o'clock	Far from the Madding Crowd	Thomas Hardy
09:40	The prisoner's valet deposed that his master had rung for him at twenty minutes to ten on the morning of the day on which his mistress died …	twenty minutes to ten	The Law and the Lady	Wilkie Collins
09:40	It still wanted twenty minutes to ten when the warden found himself at the bottom of Sir Abraham's stairs, so he walked leisurely up and down the quiet inn to cool himself.	twenty minutes to ten	The Warden	Anthony Trollope
09:45	Joe had been at the Three Jolly Bargemen, smoking his pipe, from a quarter after eight o'clock to a quarter before ten.	a quarter before ten	Great Expectations	Charles Dickens
09:45	When Frank called for her at a quarter to ten, she was quite ready, and grasped his hand almost without a word.	a quarter to ten	The Eustace Diamonds	Anthony Trollope
09:45	At a quarter to ten McKelvey discovered with profound regret that his wife had a headache.	a quarter to ten	Babbitt	Sinclair Lewis
09:45	It was a quarter to ten before we reached London Bridge, and half past before the four of us alighted on the Beckenham platform.	a quarter to ten	Memoirs of Sherlock Holmes	Sir Arthur Conan Doyle
09:45	… and one from the Anti-Birth-Control Union at a quarter of ten."	a quarter of ten	Babbitt	Sinclair Lewis
09:45	Bring the kettle at a quarter to ten—and if you don't get better in the course of the day, come to me, and I'll give you a dose of physic.	a quarter to ten	No Name	Wilkie Collins
09:50	This he had sworn he would not do; but he did seat himself in his room at ten minutes before ten …	ten minutes before ten	The Last Chronicle of Barset	Anthony Trollope
09:50	I passed out on to the road and saw by the lighted dial of a clock that it was ten minutes to ten.	ten minutes to ten	Dubliners	James Joyce
09:50	As the envoy of the prefect of police arrived ten minutes before ten …	ten minutes before ten	The Count of Monte Cristo	Alexandre Dumas, Pere
09:50	We had ascertained from the lady that she went down upon the Monday by the train which leaves Waterloo at 9:50, so I started early and caught the 9:13.	at 9:50	The Return of Sherlock Holmes	Arthur Conan Doyle
09:50	At ten minutes to ten she said persuasively:	ten minutes to ten	The Old Wives' Tale	Arnold Bennett
09:52	"Twelve!" he exclaimed; "why, it's only eight minutes before ten."	eight minutes before ten	Around the World in 80 Days	Jules Verne
09:55	Adam sat looking at the clock: the minute-hand was hurrying along the last five minutes to ten with a loud …	five minutes to ten	Adam Bede	George Eliot
09:55	At five minutes to ten, when Constance had yawned, he threw a bomb among them on the hearthrug.	five minutes to ten	The Old Wives' Tale	Arnold Bennett
09:55	When Joe went home at five minutes before ten, he found her struck down on the floor, and promptly called in assistance.	five minutes before ten	Great Expectations	Charles Dickens
09:55	You, whom I expected last, you arrive at five minutes to ten, when the time fixed was half-past!	five minutes to ten	The Count of Monte Cristo	Alexandre Dumas, Pere
09:55	On reaching Casterbridge he left the horse and trap at an inn, and at five minutes before ten came back to the bridge at the lower end of the town …	five minutes before ten	Far from the Madding Crowd	Thomas Hardy
09:55	They were to call for her at her house in the Taurida Gardens at ten o'clock, but it was already five minutes to ten, and the girls were not yet dressed.	five minutes to ten	War and Peace	Leo Tolstoy
10:00	"At ten o'clock then, if you please; I should like it early, as I am going into the country to-morrow."	ten o'clock	The Count of Monte Cristo	Alexandre Dumas, Pere
10:00	"Well, it was known to him this morning early, for I knew it at ten o'clock, when Charley came back.	ten o'clock	Return of the Native	Thomas Hardy
10:00	'Why didn't Marian come to speak a word?' said Dora, when her brother entered the girls' sitting-room about ten o'clock.	ten o'clock	New Grub Street	George Gissing
10:00	'With great pleasure,' said the little doctor; 'will ten o'clock be too late to look in for half an hour?'	ten o'clock	The Pickwick Papers	Charles Dickens
10:00	After his conversation with Alyosha, at the cross-roads, he hardly slept all night, and at ten o'clock next morning …	ten o'clock	The Brothers Karamazov	Fyodor Dostoyevsky
10:00	At dawn we rested for three hours, and then started once more, and laboured on till about ten o'clock …	ten o'clock	She	H. Rider Haggard
10:05	The clock showed five minutes past ten.	five minutes past ten	The Old Wives' Tale	Arnold Bennett
10:15	"Gentlemen," said Morcerf, "it is only a quarter past ten, and I expect some one else."	a quarter past ten	The Count of Monte Cristo	Alexandre Dumas, Pere
10:15	At a quarter past ten they at last got into their carriages and started.	a quarter past ten	War and Peace	Leo Tolstoy
10:15	"That will take you into Liverpool at 10.15.	at 10.15	The Way We Live Now	Anthony Trollope
10:15	At a quarter after ten he returned home.	a quarter after ten	Babbitt	Sinclair Lewis
10:17	It must be some place which a particular staircase identified, and where the tide was full at 10.17.	at 10.17	The Thirty-nine Steps	John Buchan
10:17	Tomorrow was the day, and it was some place where high tide was at 10.17.'	at 10.17	The Thirty-nine Steps	John Buchan
10:25	"To-morrow morning at twenty-five minutes past ten, if Heaven spares my life, I purpose to issue a Proclamation.	twenty-five minutes past ten	The Napoleon of Notting Hill	Gilbert K. Chesterton
10:27	High tide there was at 10.27 P.m. on the 15th of June.	at 10.27	The Thirty-nine Steps	John Buchan
10:30	But at 8.30 I had shaken off the dust of London from my feet, and at 10.30 I was …	at 10.30	The Riddle of the Sands	Erskine Childers
10:30	They had solemn rubbers of whist, when they went upstairs after drinking, and their carriages were called at half past ten.	half past ten	Vanity Fair	William Makepeace Thackeray
10:30	"By the way, the car will be round at 10.30," said Cayley, looking up from his letters.	at 10.30	The Red House Mystery	A. A. Milne
10:30	"I told him it was probable I might call upon him between ten and eleven this forenoon, and it's now half after ten.	half after ten	Bleak House	Charles Dickens
10:30	Does anybody wonder that I got home at half past twelve instead of half past ten?	half past ten	The Moonstone	Wilkie Collins
10:30	I'd just been t' hev a pint—it was half after ten i' the fore-noon …	half after ten	Adam Bede	George Eliot
10:35	It was twenty-five minutes to eleven when we noiselessly pushed off.	twenty-five minutes to eleven	The Riddle of the Sands	Erskine Childers
10:35	"Upward and onward" says twenty-five minutes to eleven.	twenty-five minutes to eleven	Desperate Remedies	Thomas Hardy
10:35	It was twenty-five minutes to eleven.	twenty-five minutes to eleven	Jude the Obscure	Thomas Hardy
10:38	… and looked a clock for jolly Sandboys to consult—'it'll be done to a turn at twenty-two minutes before eleven.'	twenty-two minutes before eleven	The Old Curiosity Shop	Charles Dickens
10:45	Burgess, inspecting the wicket with Mr. Spence during the quarter to eleven interval, was not slow to recognise this fact.	quarter to eleven	Mike	P. G. Wodehouse
10:45	When the bell rang at a quarter to eleven, he gathered up his gown, and sped to the headmaster.	a quarter to eleven	Mike	P. G. Wodehouse
10:45	At a quarter to eleven they had all gone to their rooms with the exception of Ames, who was in the pantry.	a quarter to eleven	The Valley of Fear	Sir Arthur Conan Doyle
10:45	Half an hour before the alarm was given would be a quarter to eleven.	a quarter to eleven	The Valley of Fear	Sir Arthur Conan Doyle
10:45	Retire nightly at 10.45; and clothe yourself (if you please) throughout in hygienic flannel.	at 10.45	The Wrong Box	Robert Louis Stevenson and Lloyd Osbourne
10:45	At a quarter to eleven Mrs. Morel was heard raking the fire.	a quarter to eleven	Sons and Lovers	David Herbert Lawrence
10:46	If I could not find them at all I should be thrown back on the rejected view that Norden itself was the rendezvous, and should wait there till 10.46.	till 10.46	The Riddle of the Sands	Erskine Childers
10:50	'There's a train at Emden at 9.22 from Leer and the south, and one at 10.50 from the north.'	at 10.50	The Riddle of the Sands	Erskine Childers
10:50	"Ten minutes to eleven," she observed.	Ten minutes to eleven	The Voyage Out	Virginia Woolf
10:55	It wanted some five minutes to eleven when Tuppence reached the block of buildings in which the offices of the Esthonia Glassware Co. were situated.	five minutes to eleven	The Secret Adversary	Agatha Christie
10:55	The nurse goes back to the sick-room at five minutes to eleven, or thereabouts, and finds that the bad symptoms of the morning have returned in a gravely aggravated form.	five minutes to eleven	The Law and the Lady	Wilkie Collins
10:59	I looked up to the clock—one minute to eleven.	one minute to eleven	The Man in the Brown Suit	Agatha Christie
11:00	'Oh, it's quite impossible to dine at half-past eleven o'clock in the day,' replied Mr. Pickwick, looking at his watch.	eleven o'clock	The Pickwick Papers	Charles Dickens
11:00	It was about eleven o'clock on this day that Mrs. Yeobright started across the heath towards her son's house …	eleven o'clock	Return of the Native	Thomas Hardy
11:00	It was eleven o'clock when he came in, though he had not been further than the precincts of the garden.	eleven o'clock	Return of the Native	Thomas Hardy
11:00	Soon her gigantic hull appeared passing along between the banks, and eleven o'clock struck as she anchored in the road.	eleven o'clock	Around the World in 80 Days	Jules Verne
11:00	The following morning, at eleven o'clock, she presented herself at the offices of the Imperial and West African Rubber Company.	eleven o'clock	Howards End	E. M. Forster
11:00	With your consent, I trust to have the honor of calling at eleven o'clock the day after to-morrow (Wednesday) morning.	eleven o'clock	The Lost World	Arthur Conan Doyle
11:05	“An inn closed by five minutes after eleven!	five minutes after eleven	New Arabian Nights	Robert Louis Stevenson
11:10	She walked out of the hotel, fully dressed, about ten minutes past eleven, and she was never seen again.	ten minutes past eleven	The Man in the Brown Suit	Agatha Christie
11:10	At ten minutes past eleven the gas gave a big jump and five minutes later went out.	ten minutes past eleven	Of Human Bondage	W. Somerset Maugham
11:10	… made Mr. Pickwick play rather badly; the cards were against him, also; and when they left off at ten minutes past eleven …	ten minutes past eleven	The Pickwick Papers	Charles Dickens
11:15	He had been given a latch-key by the prefect, the man who turned out the gas at a quarter past eleven …	a quarter past eleven	Of Human Bondage	W. Somerset Maugham
11:15	It was then a quarter past eleven, but, nevertheless, Eames appeared at his office precisely at twelve.	a quarter past eleven	The Small House at Allington	Anthony Trollope
11:15	There is a train from Paddington which would bring you there at about 11:15.'	about 11:15	The Adventures of Sherlock Holmes	Arthur Conan Doyle
11:15	I had no accurate idea of the time, for I could not see my watch, but I thought we must have started about a quarter past eleven.	a quarter past eleven	The Riddle of the Sands	Erskine Childers
11:15	“At a quarter past eleven,” pursued the lady, “leave the house.	a quarter past eleven	New Arabian Nights	Robert Louis Stevenson
11:15	'I shall expect you, then, at Eyford at 11:15.'	at 11:15	The Adventures of Sherlock Holmes	Arthur Conan Doyle
11:17	It was seventeen minutes past eleven: she would have lots of time to have the matter out with Mr. Doran and then catch short twelve at Marlborough Street.	seventeen minutes past eleven	Dubliners	James Joyce
11:20	At twenty minutes past eleven a blast of wind carried an airy bit of ignited fern several yards forward …	twenty minutes past eleven	Desperate Remedies	Thomas Hardy
11:20	It was then twenty minutes past eleven—late enough to make it quite easy for the Count to get rid of me by the excuse that he was in bed.	twenty minutes past eleven	The Woman in White	Wilkie Collins
11:20	Then she went—it might be at twenty minutes past eleven …	twenty minutes past eleven	Bleak House	Charles Dickens
11:20	It was twenty minutes past eleven, by my watch, when the preparations were completed, and I took my place on the chair set apart at the bottom of the bed.	twenty minutes past eleven	The Moonstone	Wilkie Collins
11:21	It left at 11.21, I remember, and Raffles was put out to find it did not go on to Kensal Rise.	at 11.21	The Amateur Cracksman	E. W. Hornung
11:22	"Twenty-two minutes after eleven," returned Passepartout, drawing an enormous silver watch from the depths of his pocket.	Twenty-two minutes after eleven	Around the World in 80 Days	Jules Verne
11:25	It was twenty-five minutes past eleven.	twenty-five minutes past eleven	The Old Wives' Tale	Arnold Bennett
11:29	Now from this moment, twenty-nine minutes after eleven, a.m., this Wednesday, 2nd October, you are in my service."	twenty-nine minutes after eleven	Around the World in 80 Days	Jules Verne
11:30	"Dear Madam, You are requested to call at the above offices on Thursday next, the 10th, at 11.30 a.m. …	11.30 a.m.	The Rainbow	D. H. (David Herbert) Lawrence
11:30	About eleven o'clock in the morning they perceived Amiens, and at half past eleven they were at the door of the cursed inn.	half past eleven	The Three Musketeers	Alexandre Dumas, Pere
11:30	If not inconvenient would you call on me in Grosvenor Square to-morrow, Sunday, at half past eleven.	half past eleven	The Way We Live Now	Anthony Trollope
11:30	"It is due at Winchester at 11:30."	at 11:30	The Adventures of Sherlock Holmes	Arthur Conan Doyle
11:30	Fanny Hackbutt comes at half past eleven.	half past eleven	Middlemarch	George Eliot
11:35	It was twenty-five minutes to twelve, and of course it was clear enough what was in the wind.	twenty-five minutes to twelve	The Adventures of Sherlock Holmes	Arthur Conan Doyle
11:40	On the line where these words were written, "21st December, Saturday, Liverpool," he added, "80th day, 11.40 a.m.," and waited.	11.40 a.m.	Around the World in 80 Days	Jules Verne
11:40	Phileas Fogg at last disembarked on the Liverpool quay, at twenty minutes before twelve, 21st December.	twenty minutes before twelve	Around the World in 80 Days	Jules Verne
11:40	Mr. Salton gave instructions to have ready a carriage early on the important day, to start for Stafford, where he would catch the 11.40 a.m. train.	11.40 a.m.	The Lair of the White Worm	Bram Stoker
11:40	At twenty minutes of twelve, Madame Danglars, tired of waiting, returned home.	twenty minutes of twelve	The Count of Monte Cristo	Alexandre Dumas, Pere
11:40	He would not allow himself to dwell long upon these conjectures, maxims, and hopes, and at twenty minutes to twelve he again went softly to the stable …	twenty minutes to twelve	Return of the Native	Thomas Hardy
11:40	… and gone over the house every night at half-past ten (except on Foreign Post nights, and then twenty minutes before twelve) to see the doors fastened …	twenty minutes before twelve	The Life And Adventures Of Nicholas Nickleby	Charles Dickens
11:45	At quarter to twelve Amory shook hands with her gravely, in the midst of a small crowd assembled to wish him good-speed.	quarter to twelve	This Side of Paradise	F. Scott Fitzgerald
11:45	It was just a quarter before twelve o'clock when we got into the churchyard over the low wall.	a quarter before twelve o'clock	Dracula	Bram Stoker
11:45	When Phillotson arrived upstairs, weary with the drudgery of the attendance-numbers, it was a quarter to twelve o'clock.	a quarter to twelve o'clock	Jude the Obscure	Thomas Hardy
11:45	The clock in the turret struck the quarter to twelve as they settled themselves in their chairs.	quarter to twelve	The Woman in White	Wilkie Collins
11:45	We passed Skiplake as the clock was striking the quarter to twelve; and then George said, thoughtfully:	quarter to twelve	Three Men in a Boat (to say nothing of the dog)	Jerome K. Jerome
11:45	I waited till a quarter to twelve, and found then that I was in All Souls'.	a quarter to twelve	Far from the Madding Crowd	Thomas Hardy
11:50	'I'll be,' says Twemlow, 'at the club by ten minutes to twelve, and I'll never leave it all day.'	ten minutes to twelve	Our Mutual Friend	Charles Dickens
11:50	The "make ready" of ten minutes to one differs from the "make ready" of ten minutes to twelve, as youth differs from age.	ten minutes to twelve	Desperate Remedies	Thomas Hardy
11:50	He left the house at ten minutes before twelve, cunningly turned away, dodging round by the first corner,—and just as he had turned it encountered his cousin.	ten minutes before twelve	The Way We Live Now	Anthony Trollope
11:50	"Good!" cried d'Artagnan, "I will be there ten minutes before twelve."	ten minutes before twelve	The Three Musketeers	Alexandre Dumas, Pere
11:55	It wanted five minutes to twelve, when the premonitory symptoms of the working of the laudanum first showed themselves to me.	five minutes to twelve	The Moonstone	Wilkie Collins
11:55	A neighbouring clock showed the time to be five minutes to twelve.	five minutes to twelve	The Secret Adversary	Agatha Christie
11:55	Raoul climbed the grand staircase at five minutes to twelve …	five minutes to twelve	The Phantom of the Opera	Gaston Leroux
11:57	It wanted then about three minutes to twelve; and Major Milroy seized the opportunity of explaining what the exhibition was to be, before the exhibition began.	three minutes to twelve	Armadale	Wilkie Collins
12:00	"I suppose Frederic will be here to-day," she said to Miss Macnulty, as they sat at breakfast together about noon.	noon	The Eustace Diamonds	Anthony Trollope
12:00	"I take what you said to me at noon as a declaration that YOU'VE never known him to be bad."	noon	The Turn of the Screw	Henry James
12:00	About noon he went to the police station to make inquiries, and then came back again for another anxious vigil.	noon	The Jungle	Upton Sinclair
12:00	And as for hands—Margaret, how many times did you say you had washed your hands this morning before twelve o'clock?	twelve o'clock	North and South	Elizabeth Cleghorn Gaskell
12:00	And need more exercise—walk to the club, every single noon—just what I'll do—every noon—cut out this motoring all the time."	noon	Babbitt	Sinclair Lewis
12:00	Bjornstam had not finished his work at noon, and she invited him to have dinner with Bea in the kitchen.	noon	Main Street	Sinclair Lewis
12:05	Pauline Stacey fell from this floor to the ground at five minutes past twelve.	five minutes past twelve	The Innocence of Father Brown	G. K. Chesterton
12:05	The clock showed five minutes past twelve at five o'clock.	five minutes past twelve	The Old Wives' Tale	Arnold Bennett
12:05	At five minutes past twelve o’clock next day …	five minutes past twelve	Hard Times	Charles Dickens
12:10	"At twenty-three minutes past seven," replied Gauthier Ralph; "and the next does not arrive till ten minutes after twelve."	ten minutes after twelve	Around the World in 80 Days	Jules Verne
12:10	Mr Twemlow made it ten minutes past twelve, sir.	ten minutes past twelve	Our Mutual Friend	Charles Dickens
12:14	"The boat train to Holyhead stops at Chester at 12.14.	at 12.14	The Secret Adversary	Agatha Christie
12:15	"Endeavor not to make me wait; for at quarter past twelve I will cut off your ears as you run."	quarter past twelve	The Three Musketeers	Alexandre Dumas, Pere
12:15	"It is well," said the abbe; "we have some hours before us—it is now just a quarter past twelve o'clock."	a quarter past twelve o'clock	The Count of Monte Cristo	Alexandre Dumas, Pere
12:15	At a quarter past twelve they issued forth side by side, heavily clad, into the mournful streets.	a quarter past twelve	The Old Wives' Tale	Arnold Bennett
12:15	This jet of fire had become invisible about a quarter past twelve.	a quarter past twelve	The War of the Worlds	H. G. Wells
12:15	I shall not give it up till a quarter after twelve.	a quarter after twelve	Northanger Abbey	Jane Austen
12:15	"Good! a train leaves the depot at 12.15.	at 12.15	The Leavenworth Case	Anna Katherine Green
12:20	Then she went—it might be at twenty minutes past eleven, and it might be at twenty minutes past twelve …	twenty minutes past twelve	Bleak House	Charles Dickens
12:20	There, it is twenty minutes after twelve, and now I shall give it up entirely.	twenty minutes after twelve	Northanger Abbey	Jane Austen
12:23	The time, now, was twenty-three minutes past twelve.	twenty-three minutes past twelve	The Moonstone	Wilkie Collins
12:30	At about half past twelve, a remarkably loud rap drew her in haste to the window …	half past twelve	Northanger Abbey	Jane Austen
12:30	Does anybody wonder that I got home at half past twelve instead of half past ten?	half past twelve	The Moonstone	Wilkie Collins
12:30	The following morning, Mrs. Inglethorp stayed in bed to breakfast, as she was rather overtired; but she appeared in her briskest mood about 12.30 …	about 12.30	The Mysterious Affair at Styles	Agatha Christie
12:30	As it was he did not reach home till nearly half past twelve.	half past twelve	Of Human Bondage	W. Somerset Maugham
12:30	"At half past twelve the queen was with her women—"	half past twelve	The Three Musketeers	Alexandre Dumas, Pere
12:30	At half past twelve, when Catherine's anxious attention to the weather was over and she could no longer claim any merit from its amendment, the sky began voluntarily to clear.	half past twelve	Northanger Abbey	Jane Austen
12:45	"You see you begin, 'Whereas, at about a quarter to one on Tuesday morning an attempt was made,' and so on.	a quarter to one	Memoirs of Sherlock Holmes	Sir Arthur Conan Doyle
12:45	At one o'clock, or, rather, at a quarter to one, Mr. Pappleworth disappeared to catch his train: he lived in the suburbs.	a quarter to one	Sons and Lovers	David Herbert Lawrence
12:45	At a quarter to one, dirty and dishevelled, cut and breeding, he said: "I think that will do;" and rose and wiped his brow.	a quarter to one	Three Men on the Bummel	Jerome K. Jerome
12:45	These will make an end of themselves at a quarter to one P.M. on Tuesday …	a quarter to one	Our Mutual Friend	Charles Dickens
12:45	… if no Post-office order is in the interim received from Nicodemus Boffin, Esquire; arriving after a quarter to one P.M. on Tuesday …	a quarter to one	Our Mutual Friend	Charles Dickens
12:45	'I'm hanged if it isn't a quarter to one,' said the Journalist.	a quarter to one	The Time Machine	H. G. (Herbert George) Wells
12:47	He rose at thirteen minutes to one, and directed his steps towards the large hall, a sumptuous apartment adorned with lavishly-framed paintings.	thirteen minutes to one	Around the World in 80 Days	Jules Verne
12:50	By that time it wanted but ten minutes of one o'clock, and we began to look out for her smoke.	ten minutes of one o'clock	Great Expectations	Charles Dickens
12:50	The packing was done at 12.50; and Harris sat on the big hamper, and said he hoped nothing would be found broken.	at 12.50	Three Men in a Boat (to say nothing of the dog)	Jerome K. Jerome
12:50	The "make ready" of ten minutes to one differs from the "make ready" of ten minutes to twelve, as youth differs from age.	ten minutes to one	Desperate Remedies	Thomas Hardy
12:55	… which will not be for another quarter of an hour at least, and it is five minutes to one now."	five minutes to one	The Scarlet Pimpernel	Baroness Orczy
12:57	Promise to hold your tongue, and before that clock strikes—it wants three minutes of one—you're a free woman!"	three minutes of one	Wuthering Heights	Emily Bronte
13:00	A bell summoned him to dinner at one o'clock, and he found the Frau Professor's guests assembled in the drawing-room.	one o'clock	Of Human Bondage	W. Somerset Maugham
13:00	And then her own work in the matter, which should have culminated at one o'clock in Lord Grenville's dining-room …	one o'clock	The Scarlet Pimpernel	Baroness Orczy
13:00	Eleven, twelve, one o'clock struck; the heap of spars grew higher, and the pile of chips and ends more bulky.	one o'clock	The Woodlanders	Thomas Hardy
13:00	It was impossible to make any great way against such obstacles united; it was hard upon one o'clock already …	one o'clock	The Pickwick Papers	Charles Dickens
13:00	So I will call in Lincoln's Inn at one o'clock, and I trust that if possible you will see me.	one o'clock	Orley Farm	Anthony Trollope
13:00	And now I propose to go up to London to-morrow, and to be at your chambers about one o'clock.	one o'clock	Orley Farm	Anthony Trollope
13:05	The sun never seems so bright or the turf so green as during the first five minutes after one has come out of the detention-room.	five minutes after one	Mike	P. G. Wodehouse
13:10	"It must have been about five or ten minutes past one. . . .	ten minutes past one	The Scarlet Pimpernel	Baroness Orczy
13:10	Ten minutes after one is taken, the effect is produced.	Ten minutes after one	The Count of Monte Cristo	Alexandre Dumas, Pere
13:10	It was now ten minutes past one.	ten minutes past one	The Moonstone	Wilkie Collins
13:15	The clock struck the quarter after one, when I laid my hands on the window-sill of my own room.	quarter after one	The Woman in White	Wilkie Collins
13:20	Sergeant Tuson, of the City Police, was somewhat surprised, therefore to see a gentleman with a carpet bag come down the steps at twenty minutes past one.	twenty minutes past one	Memoirs of Sherlock Holmes	Sir Arthur Conan Doyle
13:20	It will take him time to arrive here—see, it is twenty minutes past one—and there are yet some times before he can hither come, be he never so quick.	twenty minutes past one	Dracula	Bram Stoker
13:20	It was twenty minutes past one.	twenty minutes past one	Armadale	Wilkie Collins
13:25	It was twenty-five minutes past one when Raffles …	twenty-five minutes past one	The Amateur Cracksman	E. W. Hornung
13:25	It was then twenty-five minutes past one o'clock.	twenty-five minutes past one o'clock	The Moonstone	Wilkie Collins
13:30	At half past one the house-physician came in, rang the bell, and told the porter to send in the old patients.	half past one	Of Human Bondage	W. Somerset Maugham
13:30	IT was about half past one—three bells in the sea phrase—that the two boats went ashore from the HISPANIOLA.	half past one	Treasure Island	Robert Louis Stevenson
13:30	The moments slip away so, in the confidence of old times, Master Copperfield, that it's almost half past one!'	half past one	David Copperfield	Charles Dickens
13:30	"HETTY, Hetty, don't you know church begins at two, and it's gone half after one a'ready?	half after one	Adam Bede	George Eliot
13:30	It is now half after one …	half after one	Northanger Abbey	Jane Austen
13:40	It was twenty minutes to two.	twenty minutes to two	The Picture of Dorian Gray	Oscar Wilde
13:41	… corked with cotton-wool, between his teeth, and a tiny screw-driver behind his ear, squirmed feet first through the ventilator over his berth; and it was nineteen minutes to two when he returned …	nineteen minutes to two	The Amateur Cracksman	E. W. Hornung
13:45	Was back again by a quarter to two, having in the meantime sketched a paper for The West End.	a quarter to two	New Grub Street	George Gissing
13:45	If all went well, they would be in front of the Castle by about a quarter to two.	a quarter to two	The Prisoner of Zenda	Anthony Hope
13:45	I waited in vain till the clock on the front staircase struck the quarter to two.	quarter to two	The Moonstone	Wilkie Collins
13:45	It was not yet a quarter to two when I heard horses' feet and wheels outside.	a quarter to two	Bleak House	Charles Dickens
13:45	'A quarter to two,' said Pell, looking at the parlour clock.	A quarter to two	The Pickwick Papers	Charles Dickens
13:45	The last man had just gone to the wickets, with the score at a hundred and thirty-one, when a quarter to two arrived, and with it the luncheon interval.	a quarter to two	Mike	P. G. Wodehouse
13:59	But on no account would he have rung the palace bell one minute before two o'clock.	one minute before two o'clock	The Last Chronicle of Barset	Anthony Trollope
14:00	Between twelve and two o'clock, as the day was mapped out, the prince rested and the princess played the clavichord.	two o'clock	War and Peace	Leo Tolstoy
14:00	Early to-morrow have your horses ready, so that they may be in starting trim at two o'clock in the afternoon."	two o'clock in the afternoon	A Tale of Two Cities A Story of the French Revolution	Charles Dickens
14:00	Happily, about two o'clock, Ned Land brought down a magnificent hog; from the brood of those the natives call "bari-outang."	two o'clock	Twenty Thousand Leagues under the Sea (slightly abridged)	Jules Verne
14:00	I trust I shall get as far before two o'clock; but to do so I must be on my road."	two o'clock	The Last Chronicle of Barset	Anthony Trollope
14:00	Mr. Tulliver doesn't like his dinner before two o'clock, but I put it half an hour earlier because o' you."	two o'clock	The Mill on the Floss	George Eliot
14:00	They will husband their horses, and come out as fresh at two o'clock as though they were only just out.	two o'clock	Orley Farm	Anthony Trollope
14:10	"Ten minutes past two, sir," answered the man, looking at the clock and blinking.	Ten minutes past two	The Picture of Dorian Gray	Oscar Wilde
14:10	When the house-maid has got to the station, and has done her best to disappear in the crowd (I have chosen the mixed train at 2:10 …	at 2:10	Armadale	Wilkie Collins
14:20	About twenty minutes after two, on this eventful day, the vast and gloomy shed of Waterloo lay, like the temple of a dead religion, silent and deserted.	twenty minutes after two	The Wrong Box	Robert Louis Stevenson and Lloyd Osbourne
14:20	She looked at her watch, and it was twenty minutes past two.	twenty minutes past two	A Tale of Two Cities A Story of the French Revolution	Charles Dickens
14:20	'Twenty minutes past two, Mr. Drood, I set your watch at.	Twenty minutes past two	The Mystery of Edwin Drood	Charles Dickens
14:20	The watch found at the Weir was challenged by the jeweller as one he had wound and set for Edwin Drood, at twenty minutes past two on that same afternoon …	twenty minutes past two	The Mystery of Edwin Drood	Charles Dickens
14:30	Sunday was the same: bed till noon, the Palmerston Arms till 2.30, dinner, and bed; scarcely a word spoken.	till 2.30	Sons and Lovers	David Herbert Lawrence
14:30	"It's just gone half past two."	half past two	Great Expectations	Charles Dickens
14:35	You can get away, if you are in a hurry, by the 10:30 train, which will bring you to Paddington by 2:35.	by 2:35	Dracula	Bram Stoker
14:35	At five-and-twenty minutes to three, Captain Nemo appeared in the saloon.	five-and-twenty minutes to three	Twenty Thousand Leagues under the Sea (slightly abridged)	Jules Verne
14:40	"To-morrow," added the Captain, rising, "to-morrow, at twenty minutes to three p.m., the Nautilus shall float, and leave the Strait of Torres uninjured."	twenty minutes to three	Twenty Thousand Leagues under the Sea (slightly abridged)	Jules Verne
14:40	Mr. Pappleworth came at twenty minutes to three.	twenty minutes to three	Sons and Lovers	David Herbert Lawrence
14:45	"There's a train at a quarter to three, gets to Knype at ten minutes past." said Amy. officiously.	a quarter to three	The Old Wives' Tale	Arnold Bennett
14:45	… impatient for the expected arrival, and thought himself wickedly ill-used in that Mr. Sowerby was not there when the clock struck a quarter to three.	a quarter to three	Framley Parsonage	Anthony Trollope
14:45	It was then a quarter to three o'clock by my watch.	a quarter to three o'clock	The Woman in White	Wilkie Collins
14:45	'Thanks to your worthy governor, Sir,' said Mr. Trotter, 'we have half a leg of mutton, baked, at a quarter before three, with the potatoes under it to save boiling.'	a quarter before three	The Pickwick Papers	Charles Dickens
14:45	At a quarter to three Carol had left home …	a quarter to three	Main Street	Sinclair Lewis
14:45	At a quarter to three you two shall start …	a quarter to three	New Grub Street	George Gissing
14:55	At five minutes to three the Vaults spewed forth a squirt of roysterers who walked on the pavement as on a tight-rope …	five minutes to three	The Old Wives' Tale	Arnold Bennett
14:55	As the clock over the South-street Alms-house pointed to five minutes to three …	five minutes to three	Far from the Madding Crowd	Thomas Hardy
14:55	'Five minutes to three,' growled Newman; 'it can't want more by this time; and I had my breakfast at eight o'clock, and SUCH a breakfast! and my right dinner-time two!	Five minutes to three	The Life And Adventures Of Nicholas Nickleby	Charles Dickens
14:59	… the message being received and available for betting purposes in Dublin at 2.59 p.m.	2.59 p.m.	Ulysses	James Joyce
15:00	But at three o'clock he shook out the reins over the trotters and turned into the by-roads leading to Portsmouth.	three o'clock	The Age of Innocence	Edith Wharton
15:00	For it was understood that, though the Beargarden was not to be open before three o'clock in the afternoon …	three o'clock in the afternoon	The Way We Live Now	Anthony Trollope
15:00	He is going, as I said, to call at Mercy Farm at three o'clock—but I have an appointment at two."	three o'clock	The Lair of the White Worm	Bram Stoker
15:00	IT was about three o'clock when Adam entered the farmyard and roused Alick and the dogs from their Sunday dozing.	three o'clock	Adam Bede	George Eliot
15:00	It appointed a meeting for three o'clock the next day, at a lonely place in the interior of the island.	three o'clock	Armadale	Wilkie Collins
15:00	It was three o'clock, and I think both our brains were beginning to be addled with thinking in close confinement.	three o'clock	The Riddle of the Sands	Erskine Childers
15:05	The clock on the mantelpiece showed five minutes past three.	five minutes past three	The Old Wives' Tale	Arnold Bennett
15:05	It was now five minutes past three.	five minutes past three	Howards End	E. M. Forster
15:10	The sails and the English flag were hoisted at ten minutes past three.	ten minutes past three	Around the World in 80 Days	Jules Verne
15:15	"Exactly as you predicted, Mr. Graham," said Madeline: "blindman's buff at a quarter past three, and snap-dragon at five."	a quarter past three	Orley Farm	Anthony Trollope
15:15	The Board always met at three, and had generally been dissolved at a quarter past three.	a quarter past three	The Way We Live Now	Anthony Trollope
15:15	I was wired for at 3:15, reached Yoxley Old Place at 5, conducted my investigation, was back at Charing Cross by the last train, and straight to you by cab."	at 3:15	The Return of Sherlock Holmes	Arthur Conan Doyle
15:20	It was twenty minutes past three.	twenty minutes past three	The Old Wives' Tale	Arnold Bennett
15:25	Twenty-five minutes past three were now marked upon the face of the watch.	Twenty-five minutes past three	Night and Day	Virginia Woolf
15:30	Although I left the office at half past three …	half past three	David Copperfield	Charles Dickens
15:30	The Bournemouth train left at 3.30.	at 3.30	The Secret Adversary	Agatha Christie
15:45	It was a quarter to four when the innings began, and stumps were to be drawn at a quarter to seven.	a quarter to four	Mike	P. G. Wodehouse
15:45	Our visitors arrived at the appointed time, but it was a quarter to four before my friend put in an appearance.	a quarter to four	Memoirs of Sherlock Holmes	Sir Arthur Conan Doyle
15:45	None of the cars turned into the meadow-none till a quarter to four, when Kennicott drove in.	a quarter to four	Main Street	Sinclair Lewis
15:45	"But blindman's buff at three, with snap-dragon at a quarter to four—charades at five, with wine and sweet cake at half-past six, is ponderous.	a quarter to four	Orley Farm	Anthony Trollope
15:45	The perusal of this paper absorbed Phileas Fogg until a quarter before four, whilst the Standard, his next task, occupied him till the dinner hour.	a quarter before four	Around the World in 80 Days	Jules Verne
15:45	Wrykyn had then gone in, lost Strachan for twenty before lunch, and finally completed their innings at a quarter to four for a hundred and thirty-one.	a quarter to four	Mike	P. G. Wodehouse
15:50	At ten minutes before four these two heroes might be seen walking up Pall Mall, towards the —— Club.	ten minutes before four	Doctor Thorne	Anthony Trollope
15:50	"It was ten minutes to four," he said, "and the middle watch was not relieved yet of course.	ten minutes to four	Lord Jim	Joseph Conrad
15:53	A witness, however, would state that he noticed a man resembling Mark Ablett at the station at 3.53 p.m. that afternoon, and this man caught the 3.55 up train to town.	3.53 p.m.	The Red House Mystery	A. A. Milne
16:00	"Four o'clock.—Half an hour since, I put on my bonnet to go out and post the letter to Midwinter myself.	Four o'clock	Armadale	Wilkie Collins
16:00	About four o'clock she packed up anew the few small articles she had brought in her flight from Alderworth …	four o'clock	Return of the Native	Thomas Hardy
16:00	At four o'clock Mr. Bushy, the postmaster, with another neighbour who lived east of us, stopped in to get warm.	four o'clock	My Antonia	Willa Cather
16:00	Daylight began to forsake the red-room; it was past four o'clock, and the beclouded afternoon was tending to drear twilight.	four o'clock	Jane Eyre an Autobiography	Charlotte Bronte
16:00	He had an appointment to meet his wife here at four o'clock, and when he came he found her gone.	four o'clock	The Small House at Allington	Anthony Trollope
16:00	It was now nearly four o'clock, and a mist was gathering: the sooner he got into the road the better.	four o'clock	Silas Marner The Weaver of Raveloe	George Eliot
16:05	At five minutes past four she still waited, and had begun to fear that the passing rain might have led Jasper to think she would not come.	five minutes past four	New Grub Street	George Gissing
16:10	'At ten minutes past four, after another effusion.	ten minutes past four	Desperate Remedies	Thomas Hardy
16:15	"It is only a quarter past four" showing his watch—"and you are not now in Bath.	a quarter past four	Northanger Abbey	Jane Austen
16:15	At a quarter past four in the afternoon …	a quarter past four in the afternoon	A Damsel in Distress	P. G. Wodehouse
16:15	'About a quarter after four, Sir.	a quarter after four	Dombey and Son	Charles Dickens
16:17	At seventeen minutes past four in the afternoon …	seventeen minutes past four in the afternoon	Twenty Thousand Leagues under the Sea (slightly abridged)	Jules Verne
16:20	"At 4.20 P.M., Sunday, we rolled out of the station at Omaha, and started westward on our long jaunt.	4.20 P.M.	Roughing It	Mark Twain (Samuel Clemens)
16:20	Will twenty minutes after four suit you?"	twenty minutes after four	Mansfield Park	Jane Austen
16:25	I can catch 4.25 p.m. to Umballa if I am quick.	4.25 p.m.	Kim	Rudyard Kipling
16:25	It was twenty-five minutes past four.	twenty-five minutes past four	The Adventures of Sherlock Holmes	Arthur Conan Doyle
16:30	He made improper overtures to me to misconduct myself at half past four p.m. on the following Thursday, Dunsink time.	half past four	Ulysses	James Joyce
16:30	In answer to the Coroner's question, she told how, her alarm clock having aroused her at 4.30 as usual …	at 4.30	The Mysterious Affair at Styles	Agatha Christie
16:30	The goods leave by the train at 9:30 to-night, and will be due at King's Cross at 4:30 to-morrow afternoon.	at 4:30	Dracula	Bram Stoker
16:30	"Gentlemen," said d'Artagnan, "it is half past four, and we have scarcely time to be on the road of Chaillot by six."	half past four	The Three Musketeers	Alexandre Dumas, Pere
16:30	Father at Chiswick, wouldn't think of coming down, till after the turn, and that's at half after four.	half after four	Our Mutual Friend	Charles Dickens
16:30	Will the 4.30 P.M. train be soon enough?" and Bertie, as he asked, put the finishing touch to Miss Thorne's high-heeled boots.	4.30 P.M.	Barchester Towers	Anthony Trollope
16:35	It must have been about 4.35 when there was another shifting of chairs within.	about 4.35	The Riddle of the Sands	Erskine Childers
16:40	… when, taking out his watch, he stopped short to pronounce it with surprise within twenty minutes of five!	twenty minutes of five	Northanger Abbey	Jane Austen
16:40	It was twenty minutes to five when we drew up before the bank in Lombard Street.	twenty minutes to five	The Moonstone	Wilkie Collins
16:42	Inspector Birch, so he told the world, had arrived at the Red House at 4.42 p.m. on the afternoon in question.	4.42 p.m.	The Red House Mystery	A. A. Milne
16:45	You are safe for another hour, but to make certain you shall go at a quarter to five.	a quarter to five	New Grub Street	George Gissing
16:45	I've got poor little Fanny Robin in my waggon outside, and I must be at the churchyard gates at a quarter to five with her."	a quarter to five	Far from the Madding Crowd	Thomas Hardy
16:45	… at half-past four she had created the Georgian town; at a quarter to five she was in the dignified poverty of the Congregational parsonage …	a quarter to five	Main Street	Sinclair Lewis
16:45	He's always there from quarter to five to twenty to eight.	quarter to five	Memoirs of Sherlock Holmes	Sir Arthur Conan Doyle
16:45	"Quarter to five," sighed Dick; "almost another hour to wait.	Quarter to five	The Beautiful and the Damned	F. Scott Fitzgerald
16:45	… so imperative that Strether went through no form of assent; but before they separated it had been confirmed that he should be picked up at a quarter to five.	a quarter to five	The Ambassadors	Henry James
16:50	When told that it was ten minutes to five she rose at once, and said:	ten minutes to five	Night and Day	Virginia Woolf
16:50	If it's near dinner-time, the foreman takes out his watch when the jury has retired, and says, "Dear me, gentlemen, ten minutes to five, I declare!	ten minutes to five	The Pickwick Papers	Charles Dickens
16:55	The clock in the dairy told him that it was five minutes to five but …	five minutes to five	A Portrait of the Artist as a Young Man	James Joyce
16:56	He went to the door and looked out; there was no car in sight and his watch stood at four minutes of five.	four minutes of five	The Beautiful and the Damned	F. Scott Fitzgerald
16:58	… her enthusiasm pattering upon Mrs. Leonard Warren like summer rain upon an old gray roof; at two minutes to five a town of demure courtyards and welcoming dormer windows had been erected …	two minutes to five	Main Street	Sinclair Lewis
17:00	"I arrived at five o'clock as you told me yesterday," I answered aloud, with an irritability that threatened an explosion.	five o'clock	Notes from the Underground	Feodor Dostoevsky
17:00	At mid-day Charles came in; then he went out again; next she took some beef-tea, and towards five o'clock …	five o'clock	Madame Bovary	Gustave Flaubert
17:00	IT was always the custom for the boats to leave New Orleans between four and five o'clock in the afternoon.	five o'clock in the afternoon	Life On The Mississippi, Complete	Mark Twain (Samuel Clemens)
17:00	It was about five o'clock in the evening when he went away, and at bedtime he had not reached home.	five o'clock in the evening	The Woodlanders	Thomas Hardy
17:00	It was nearly five o'clock when, on this special occasion, the secretary returned from the board-room to his own office.	five o'clock	The Small House at Allington	Anthony Trollope
17:00	Whether success rendered us imprudent, or whether we were betrayed, I know not; but one evening, about five o'clock …	five o'clock	The Count of Monte Cristo	Alexandre Dumas, Pere
17:01	"One minute past five," replied Gideon Spilett directly.	One minute past five	The Mysterious Island	Jules Verne
17:02	… at two minutes to five a town of demure courtyards and welcoming dormer windows had been erected, and at two minutes past five the entire town was as flat as Babylon.	two minutes past five	Main Street	Sinclair Lewis
17:10	At ten minutes past five Albert entered overjoyed.	ten minutes past five	The Count of Monte Cristo	Alexandre Dumas, Pere
17:15	Bore up at 5.15, and raced up the channel with the booms on our left scarcely visible in the surf and rising water.	at 5.15	The Riddle of the Sands	Erskine Childers
17:15	… but I was told he was expected from London by the six o'clock train from Waterloo; and as it was then about a quarter past five …	a quarter past five	The War of the Worlds	H. G. Wells
17:15	At a quarter past five o'clock …	a quarter past five o'clock	The Life And Adventures Of Nicholas Nickleby	Charles Dickens
17:20	He looked up at the clock—twenty minutes past five Then he sat down on a chair to put on his boots.	twenty minutes past five	Women in Love	D. H. Lawrence
17:20	Somebody remarked that it was twenty minutes past five o'clock, and that woke me up.	twenty minutes past five o'clock	Roughing It	Mark Twain (Samuel Clemens)
17:25	It was only twenty-five minutes past five.	twenty-five minutes past five	Notes from the Underground	Feodor Dostoevsky
17:28	I shall get to Knype at 5.28, and take the Loop.	at 5.28	The Old Wives' Tale	Arnold Bennett
17:30	Danglars' watch, one of Breguet's repeaters, which he had carefully wound up on the previous night, struck half past five.	half past five	The Count of Monte Cristo	Alexandre Dumas, Pere
17:30	With a vague, inopportune wish that he were married, he fell into a deep sleep about half past five.	half past five	Flappers and Philosophers	F. Scott Fitzgerald
17:30	He wrote out the address and told her that if she came at half past five he would be ready for her.	half past five	Of Human Bondage	W. Somerset Maugham
17:30	I then endeavoured to snatch a little sleep, but some officious ass aroused me at 5.30 with a cup of liquid sugar which he called tea.	at 5.30	The Man in the Brown Suit	Agatha Christie
17:30	At half after five I went below to set the cabin table …	half after five	The Sea-Wolf	Jack London
17:30	Starting at 5.30 we tacked on the tide over the "water-shed" behind Spiekeroog.	at 5.30	The Riddle of the Sands	Erskine Childers
17:35	Wrykyn started batting at twenty-five minutes to six …	twenty-five minutes to six	Mike	P. G. Wodehouse
17:40	Cabs rattled by him over the bridge on their way to meet the train from London, at twenty minutes to six.	twenty minutes to six	No Name	Wilkie Collins
17:40	I found that it would arrive at 5.40 on the following afternoon and depart again at 6.	at 5.40	The Man in the Brown Suit	Agatha Christie
17:40	Dinner passed as breakfast had done, and Mr. Fogg re-appeared in the reading-room and sat down to the Pall Mall at twenty minutes before six.	twenty minutes before six	Around the World in 80 Days	Jules Verne
17:45	At half-past five, there was a rush of four people to the gallery-door; at a quarter before six …	a quarter before six	The Life And Adventures Of Nicholas Nickleby	Charles Dickens
17:45	At a quarter before six the travellers reached the station, and found the train ready to depart.	a quarter before six	Around the World in 80 Days	Jules Verne
17:45	At a quarter to six he rose, cut two thick slices of bread and butter, and put them in the white calico snap-bag.	a quarter to six	Sons and Lovers	David Herbert Lawrence
17:45	If you had come in yesterday at a particular moment—about half-past five, perhaps, or a quarter to six—you would have found me in tears.	a quarter to six	The Picture of Dorian Gray	Oscar Wilde
17:45	… had reduced him to the verge of ruin, unless he could by a quarter before six that evening raise the sum of eight pounds.	a quarter before six	Little Dorrit	Charles Dickens
17:45	"It wants a quarter to six at present," said Bathsheba, looking at her watch.	a quarter to six	Far from the Madding Crowd	Thomas Hardy
17:50	The hands of the station clock pointed to ten minutes to six.	ten minutes to six	Piccadilly Jim	P. G. Wodehouse
18:00	"About six o'clock a banquet prepared in the meadow of Monsieur Leigeard brought together the principal personages of the fete.	six o'clock	Madame Bovary	Gustave Flaubert
18:00	"But, if that was the case, why does he not say where he was at six o'clock on Monday evening?"	six o'clock	The Mysterious Affair at Styles	Agatha Christie
18:00	"I am going to play marnels afore supper, and we go to supper at six o'clock, because Father comes home.	six o'clock	Return of the Native	Thomas Hardy
18:00	"I think that this typewritten letter is from you, in which you made an appointment with me for six o'clock?"	six o'clock	The Adventures of Sherlock Holmes	Arthur Conan Doyle
18:00	By six o'clock the task was done, the coffin nailed down, and Adam and Seth were on their way home.	six o'clock	Adam Bede	George Eliot
18:00	Maid-servants who would not come from their bedrooms at six o'clock, he would himself disturb while enjoying their stolen slumbers.	six o'clock	Orley Farm	Anthony Trollope
18:05	Reaching out a hand for his watch, he found that it was five minutes past six.	five minutes past six	Mike	P. G. Wodehouse
18:10	Seventeen for three had become twenty-four for three, and the hands of the clock stood at ten minutes past six.	ten minutes past six	Mike	P. G. Wodehouse
18:10	'Ten minutes past six; very nearly dark.	Ten minutes past six	North and South	Elizabeth Cleghorn Gaskell
18:15	He proposes to call at about quarter past six to-morrow evening, if Dr. Trevelyan will make it convenient to be at home.'	quarter past six	Memoirs of Sherlock Holmes	Sir Arthur Conan Doyle
18:15	Say Norddeich then; but according to this there's no train there after 6.15 p.m.; that's hardly "night".	6.15 p.m.	The Riddle of the Sands	Erskine Childers
18:15	A quarter past six struck, and then Psmith made a suggestion which altered the game completely.	A quarter past six	Mike	P. G. Wodehouse
18:15	It was a quarter past six when we left Baker Street, and it still wanted ten minutes to the hour when we found ourselves in Serpentine Avenue.	a quarter past six	The Adventures of Sherlock Holmes	Arthur Conan Doyle
18:20	Gargery had departed this life on Monday last at twenty minutes past six in the evening …	twenty minutes past six in the evening	Great Expectations	Charles Dickens
18:20	"Come, Mark, it is twenty minutes past six.	twenty minutes past six	Framley Parsonage	Anthony Trollope
18:30	He left at two after giving her the addresses of two nurses to call up and promising to return at half past six.	half past six	Flappers and Philosophers	F. Scott Fitzgerald
18:30	Mr. Henry Baker can have the same by applying at 6:30 this evening at 221B, Baker Street.'	at 6:30	The Adventures of Sherlock Holmes	Arthur Conan Doyle
18:30	'Just gone half after six,' replied his small friend, helping him to sit up again.	half after six	The Old Curiosity Shop	Charles Dickens
18:30	The bed was tilted against the wall by day, and let down at 6:30 …	at 6:30	Peter Pan Peter Pan and Wendy	James M. Barrie
18:30	My uncle'll have wirelesses zigzagging all over this ocean by half past six."	half past six	Flappers and Philosophers	F. Scott Fitzgerald
18:30	"Now, lad," said Adam, as Seth made his appearance, "the coffin's done, and we can take it over to Brox'on, and be back again before half after six.	half after six	Adam Bede	George Eliot
18:40	Having to change ’buses, I allowed plenty of time—in fact, too much; for we arrived at twenty minutes to seven …	twenty minutes to seven	The Diary of a Nobody	George Grossmith
18:40	'At twenty minutes before seven, then,' said Mr. Pyke, rising, 'the coach will be here.	twenty minutes before seven	The Life And Adventures Of Nicholas Nickleby	Charles Dickens
18:40	Sir Mulberry sends a carriage for you—twenty minutes before seven to the moment—you'll not be so cruel as to disappoint the whole party, Mrs. Nickleby?'	twenty minutes before seven	The Life And Adventures Of Nicholas Nickleby	Charles Dickens
18:40	But about twenty minutes to seven, as I knew from bitter experience, the milkman turned up with a great clatter of cans, and deposited my share outside my door.	twenty minutes to seven	The Thirty-nine Steps	John Buchan
18:40	Looking at his watch, he found it was then twenty minutes to seven; by affixing an extra stamp he would be enabled to despatch them by that evening's post.	twenty minutes to seven	Desperate Remedies	Thomas Hardy
18:40	It was then twenty minutes to seven.	twenty minutes to seven	No Name	Wilkie Collins
18:42	It had been sent off from Waterloo at 6.42.	at 6.42	The Amateur Cracksman	E. W. Hornung
18:45	About a quarter to seven, Mrs. Inglethorp called us that we should be late as supper was early that night.	a quarter to seven	The Mysterious Affair at Styles	Agatha Christie
18:45	It was a quarter to four when the innings began, and stumps were to be drawn at a quarter to seven.	a quarter to seven	Mike	P. G. Wodehouse
18:45	About a quarter to seven there was an unusual appearance of excitement in the village of Hayslope …	a quarter to seven	Adam Bede	George Eliot
18:45	Home once more at 6.45, and for two hours wrote steadily at a long affair I have in hand for The Current.	at 6.45	New Grub Street	George Gissing
18:45	At one minute after the quarter to seven I heard the rattle of the cans outside.	quarter to seven	The Thirty-nine Steps	John Buchan
18:45	He was still hurriedly thinking all this through, unable to decide to get out of the bed, when the clock struck quarter to seven.	quarter to seven	Metamorphosis	Franz Kafka
18:55	I'll be down in the little drawing-room five minutes before seven, and I suppose I'll find you there."	five minutes before seven	The Small House at Allington	Anthony Trollope
18:55	At five minutes before seven Lord De Guest came into the small drawing-room, and found Johnny seated there, with a book before him.	five minutes before seven	The Small House at Allington	Anthony Trollope
18:55	By Reardon's watch it was now about five minutes to seven.	five minutes to seven	New Grub Street	George Gissing
18:55	… it would not do to get too much absorbed in anything, and forget the time; so she thought we had better sit quietly, without lighting the candles, till five minutes to seven.	five minutes to seven	Cranford	Elizabeth Cleghorn Gaskell
18:57	"It only wants three minutes to seven.	three minutes to seven	Orley Farm	Anthony Trollope
19:00	At about seven o'clock we found ourselves at last surveying the oyster-banks on which the pearl-oysters are reproduced by millions.	seven o'clock	Twenty Thousand Leagues under the Sea (slightly abridged)	Jules Verne
19:00	In fact, M. Bonacieux, having left his house at seven o'clock in the evening to go to the Louvre …	seven o'clock in the evening	The Three Musketeers	Alexandre Dumas, Pere
19:00	It was now about seven o'clock, and as I waited I heard once again that ominous beat in the air.	seven o'clock	The Thirty-nine Steps	John Buchan
19:00	Stepan Arkadyevitch was not dining at home, but he promised to come and see his sister off at seven o'clock.	seven o'clock	Anna Karenina	Leo Tolstoy
19:00	The first risk that Dantes ran was, that the jailer, when he brought him his supper at seven o'clock …	seven o'clock	The Count of Monte Cristo	Alexandre Dumas, Pere
19:00	They had always required the men to be on the killing beds and ready for work at seven o'clock …	seven o'clock	The Jungle	Upton Sinclair
19:05	It was not till five minutes past seven that the gate bell rang, and the agent made his appearance.	five minutes past seven	The Woman in White	Wilkie Collins
19:05	"Let us go," said he; "it is five minutes past seven, and the appointment was for eight o'clock."	five minutes past seven	The Count of Monte Cristo	Alexandre Dumas, Pere
19:10	At seven o'clock in the evening all was ready, and at ten minutes past seven they doubled the lighthouse just as the beacon was kindled.	ten minutes past seven	The Count of Monte Cristo	Alexandre Dumas, Pere
19:10	A search in Bradshaw informed me that a train left St Pancras at 7.10, which would land me at any Galloway station in the late afternoon.	at 7.10	The Thirty-nine Steps	John Buchan
19:10	Glancing out of the corner of his eye into a shop, he saw by a clock on the wall that it was ten minutes past seven.	ten minutes past seven	Crime and Punishment	Fyodor Dostoevsky
19:10	'The easy dash of ten minutes past seven, the rakish recklessness of a quarter past, the drooping weariness of twenty-five minutes past, must have been observed by everybody.'	ten minutes past seven	Desperate Remedies	Thomas Hardy
19:15	When the clock pointed to a quarter past seven, she went off to the "Lion d'Or," whose door Artemise opened yawning.	a quarter past seven	Madame Bovary	Gustave Flaubert
19:15	Beneath this royal group, a vast gilt clock, flanked by pendants of the same period, gave the right time—a quarter past seven.	a quarter past seven	The Old Wives' Tale	Arnold Bennett
19:15	But then he said to himself: "Before it strikes quarter past seven I'll definitely have to have got properly out of bed.	quarter past seven	Metamorphosis	Franz Kafka
19:15	The last train (my time-table told me) was one reaching Norden at 7.15 p.m.	7.15 p.m.	The Riddle of the Sands	Erskine Childers
19:15	Philip had agreed to wait outside from a quarter past seven onwards.	a quarter past seven	Of Human Bondage	W. Somerset Maugham
19:15	It was just a quarter past seven then.	a quarter past seven	Title: The Idiot	Fyodor Dostoyevsky
19:20	The nearest station for departure was London Bridge, and the next train left at 7.20.	at 7.20	New Grub Street	George Gissing
19:23	"At twenty-three minutes past seven," replied Gauthier Ralph; "and the next does not arrive till ten minutes after twelve."	twenty-three minutes past seven	Around the World in 80 Days	Jules Verne
19:25	"I shall be passing here this day fortnight at precisely this hour of five-and-twenty minutes past seven.	five-and-twenty minutes past seven	Jude the Obscure	Thomas Hardy
19:25	Having won twenty guineas at whist, and taken leave of his friends, Phileas Fogg, at twenty-five minutes past seven, left the Reform Club.	twenty-five minutes past seven	Around the World in 80 Days	Jules Verne
19:30	"Which you please, monsieur!" said the light-horseman, drawing from his fob a very handsome watch, studded with diamonds; "half past seven."	half past seven	The Three Musketeers	Alexandre Dumas, Pere
19:30	And he was dying to introduce her to these new friends who had dinner at seven-thirty in the evening.	seven-thirty in the evening	Sons and Lovers	David Herbert Lawrence
19:30	At half past seven, when they had completed the six rounds, Anthony found that his intentions were giving audience to his desires.	half past seven	The Beautiful and the Damned	F. Scott Fitzgerald
19:30	I got up at 7.30, and whilst I breakfasted I read through a volume I had to review.	at 7.30	New Grub Street	George Gissing
19:30	He was to call for me at the Park Hotel at 7.30 P.M., and drive me out.	7.30 P.M.	Life On The Mississippi, Complete	Mark Twain (Samuel Clemens)
19:30	Paddock used to arrive punctually at 7.30 and let himself in with a latch-key.	at 7.30	The Thirty-nine Steps	John Buchan
19:40	At precisely twenty minutes before eight o'clock that night …	twenty minutes before eight o'clock	The Pickwick Papers	Charles Dickens
19:40	No, it was twenty minutes to eight.	twenty minutes to eight	Dubliners	James Joyce
19:43	… the same one that I had travelled by last night, leaving Norden at 7.43 and reaching Esens at 8.50 …	at 7.43	The Riddle of the Sands	Erskine Childers
19:45	Beauchamp availed himself of Albert's permission, and left him, promising to call for him at a quarter before eight.	a quarter before eight	The Count of Monte Cristo	Alexandre Dumas, Pere
19:45	The Minster clock struck the quarter to eight as they left the Walk on the Wall and descended the steps into Rosemary Lane.	quarter to eight	No Name	Wilkie Collins
19:45	The general public, however, which most unreasonably entertained a grievance at having been excluded, stormed the doors at a quarter to eight …	a quarter to eight	The Lost World	Arthur Conan Doyle
19:45	… and by a quarter to eight they were all dressed and hurrying downstairs in their stockinged feet to pick out their boots.	a quarter to eight	Of Human Bondage	W. Somerset Maugham
19:45	At a quarter to eight I called to take him with me to the theatre.	a quarter to eight	The Woman in White	Wilkie Collins
19:45	Ladies, I shall expect you to be ready at exactly a quarter before eight.	a quarter before eight	The Way We Live Now	Anthony Trollope
19:50	"But don't be late, Count, if I may venture to ask; about ten minutes to eight, please.	ten minutes to eight	War and Peace	Leo Tolstoy
19:50	At ten minutes to eight Beauchamp arrived; he had seen Chateau-Renaud, who had promised to be in the orchestra before the curtain was raised.	ten minutes to eight	The Count of Monte Cristo	Alexandre Dumas, Pere
19:55	At five minutes before eight her hand was on the Patriarchal knocker, which was quite as high as she could reach.	five minutes before eight	Little Dorrit	Charles Dickens
19:55	Mr Pogram shook hands with him, and everybody else, once more; and when they came back again at five minutes before eight …	five minutes before eight	Life And Adventures Of Martin Chuzzlewit	Charles Dickens
19:55	At five minutes before eight, Passepartout, hatless, shoeless, and having in the squabble lost his package of shirts and shoes, rushed breathlessly into the station.	five minutes before eight	Around the World in 80 Days	Jules Verne
20:00	"I am sure the shops are shut in Petersburg; it is past eight o'clock," he added, looking at his watch.	eight o'clock	Title: The Idiot	Fyodor Dostoyevsky
20:00	At eight o'clock, the hour at which Eustacia had promised to signal Wildeve if ever she signalled at all …	eight o'clock	Return of the Native	Thomas Hardy
20:00	He maintained all his delightful qualities to the last, until we started forth, at eight o'clock, for Mr. Peggotty's boat.	eight o'clock	David Copperfield	Charles Dickens
20:00	Her servant did not come till eight o'clock, and she prepared her own tea-tray and placed it beside the bed.	eight o'clock	House of Mirth	Edith Wharton
20:00	It was now getting on for eight o'clock, and I went back and saw Scaife to give him his instructions.	eight o'clock	The Thirty-nine Steps	John Buchan
20:00	Manston received a message the next day requesting his attendance at the House punctually at eight o'clock the ensuing evening.	eight o'clock	Desperate Remedies	Thomas Hardy
20:02	An evening train went at two minutes past eight.	two minutes past eight	Anna Karenina	Leo Tolstoy
20:05	"It is only five minutes past eight," said he to Morrel; "there is not much time lost yet."	five minutes past eight	The Count of Monte Cristo	Alexandre Dumas, Pere
20:05	If, on the sixteenth day after your departure, at eight o'clock in the evening you are not here, no money—even if it be but five minutes past eight."	five minutes past eight	The Three Musketeers	Alexandre Dumas, Pere
20:05	It was five minutes past eight.	five minutes past eight	Around the World in 80 Days	Jules Verne
20:10	A French clock on the mantelpiece told me that it was ten minutes past eight.	ten minutes past eight	Greenmantle	John Buchan
20:10	He was half delirious, and kept calling something about a chemistry lecture at 8:10.	at 8:10	This Side of Paradise	F. Scott Fitzgerald
20:12	It was twelve minutes past eight.	twelve minutes past eight	The Man in the Brown Suit	Agatha Christie
20:15	Joe had been at the Three Jolly Bargemen, smoking his pipe, from a quarter after eight o'clock to a quarter before ten.	a quarter after eight o'clock	Great Expectations	Charles Dickens
20:15	High water was about 8.15: it's now 10.15, and all those sands are drying off.	about 8.15	The Riddle of the Sands	Erskine Childers
20:15	The Durban train left at 8.15 that evening, so they told me at the office.	at 8.15	The Man in the Brown Suit	Agatha Christie
20:15	'Yes,' I answered; 'there is a steamer at 8.15, I believe.'	at 8.15	The Riddle of the Sands	Erskine Childers
20:15	A quarter past eight, and nothing happened.	A quarter past eight	No Name	Wilkie Collins
20:20	It was quite twenty minutes past eight before we sat down to dinner.	twenty minutes past eight	The Diary of a Nobody	George Grossmith
20:20	"Twenty minutes after eight by the Quiet Woman, and Charley not come."	Twenty minutes after eight	Return of the Native	Thomas Hardy
20:20	The cab stopped before the railway station at twenty minutes past eight.	twenty minutes past eight	Around the World in 80 Days	Jules Verne
20:20	… that had previously offered for to bribe me—need I say with what success?—was dodging about our court last night as late as twenty minutes after eight o'clock.	twenty minutes after eight o'clock	Dombey and Son	Charles Dickens
20:20	When the clock indicated twenty minutes past eight, Andrew Stuart got up, saying, "Gentlemen, in twenty minutes the time agreed upon between Mr. Fogg and ourselves will have expired."	twenty minutes past eight	Around the World in 80 Days	Jules Verne
20:20	"Twenty minutes past eight—but my watch is too fast.	Twenty minutes past eight	Adam Bede	George Eliot
20:22	Mr. Dockwrath had arrived by the 8.22 P.M. down …	8.22 P.M.	Orley Farm	Anthony Trollope
20:23	… exactly at which hour Phileas Fogg rose, till half-past eleven, when he left the house for the Reform Club—all the details of service, the tea and toast at twenty-three minutes past eight …	twenty-three minutes past eight	Around the World in 80 Days	Jules Verne
20:25	At twenty-five minutes past eight a second shock took place, this time from behind.	twenty-five minutes past eight	Twenty Thousand Leagues under the Sea (slightly abridged)	Jules Verne
20:29	Aloysius Gonzaga), sunrise 3.33 a.m., sunset 8.29 p.m.	8.29 p.m.	Ulysses	James Joyce
20:30	Philip ate some bread and butter, drank a cup of tea, and at half past eight began his day's work again.	half past eight	Of Human Bondage	W. Somerset Maugham
20:30	But at 8.30 I had shaken off the dust of London from my feet …	at 8.30	The Riddle of the Sands	Erskine Childers
20:30	Then there was a scrap, which Lily well knew to be in the handwriting of John Eames, and the scrap was as follows:—"Dearest M.—Punctually at 8.30.	at 8.30	The Last Chronicle of Barset	Anthony Trollope
20:30	… looked in at the face as if he were consulting an oracular oyster, shut it up again, and said, if I pleased, it was half past eight.	half past eight	David Copperfield	Charles Dickens
20:30	"There," said the king, looking at a clock, "there, now, as it is half past eight, you may retire; for as I told you, I expect someone at nine.	half past eight	The Three Musketeers	Alexandre Dumas, Pere
20:30	By half past eight, when the Deputation was destroyed …	half past eight	The War of the Worlds	H. G. Wells
20:40	Like the clock in Miss Havisham's room, and like Miss Havisham's watch, it had stopped at twenty minutes to nine.	twenty minutes to nine	Great Expectations	Charles Dickens
20:40	At twenty minutes to nine she did cross, a light hat tossed on her head; and he watched her as a curiosity.	twenty minutes to nine	Jude the Obscure	Thomas Hardy
20:40	At this moment, the hands of the club clock pointed to twenty minutes to nine.	twenty minutes to nine	Around the World in 80 Days	Jules Verne
20:40	… and saw that her watch had stopped at twenty minutes to nine, and that a clock in the room had stopped at twenty minutes to nine.	twenty minutes to nine	Great Expectations	Charles Dickens
20:40	Phileas Fogg and his servant seated themselves in a first-class carriage at twenty minutes before nine; five minutes later the whistle screamed, and the train slowly glided out of the station.	twenty minutes before nine	Around the World in 80 Days	Jules Verne
20:40	… or how it was, George could not say, but certain it was that from a quarter-past eight it had begun to go, and now pointed to twenty minutes to nine.	twenty minutes to nine	Three Men in a Boat (to say nothing of the dog)	Jerome K. Jerome
20:42	The clock indicated eighteen minutes to nine.	eighteen minutes to nine	Around the World in 80 Days	Jules Verne
20:43	"Seventeen minutes to nine," said Thomas Flanagan, as he cut the cards which Ralph handed to him.	Seventeen minutes to nine	Around the World in 80 Days	Jules Verne
20:44	"Sixteen minutes to nine!" said John Sullivan, in a voice which betrayed his emotion.	Sixteen minutes to nine	Around the World in 80 Days	Jules Verne
20:45	I heard of it first from my newspaper boy about a quarter to nine when I went out to get my Daily Chronicle.	a quarter to nine	The War of the Worlds	H. G. Wells
20:45	Mr. Dockwrath had arrived by the 8.22 P.M. down, but the 8.45 P.M. up from the north followed quick upon his heels …	8.45 P.M.	Orley Farm	Anthony Trollope
20:45	… he would be there by noon, and would therefore have time to reach London before a quarter before nine in the evening.	a quarter before nine in the evening	Around the World in 80 Days	Jules Verne
20:45	Admitting that he was at this moment taking an express train, he could reach London and the Reform Club by a quarter before nine, p.m.	a quarter before nine	Around the World in 80 Days	Jules Verne
20:45	When the trays re-appeared with biscuits and wine, punctually at a quarter to nine …	a quarter to nine	Cranford	Elizabeth Cleghorn Gaskell
20:45	"'We were returning from the Watt Street Mission about a quarter to nine o'clock.	a quarter to nine o'clock	Memoirs of Sherlock Holmes	Sir Arthur Conan Doyle
20:48	"It only wants twelve minutes to nine," Constance pointed out.	twelve minutes to nine	The Old Wives' Tale	Arnold Bennett
20:50	As he drove up to the Karenins' entrance he looked at his watch and saw it was ten minutes to nine.	ten minutes to nine	Anna Karenina	Leo Tolstoy
20:50	… the same one that I had travelled by last night, leaving Norden at 7.43 and reaching Esens at 8.50 …	at 8.50	The Riddle of the Sands	Erskine Childers
20:50	The hands, stealing their steady way round the dial of the clock, pointed to ten minutes to nine.	ten minutes to nine	No Name	Wilkie Collins
20:50	But there were forced delays, and when Mr. Fogg stepped from the train at the terminus, all the clocks in London were striking ten minutes before nine.	ten minutes before nine	Around the World in 80 Days	Jules Verne
20:50	"The car will be around at ten minutes of nine, sir."	ten minutes of nine	This Side of Paradise	F. Scott Fitzgerald
20:50	It was a quarter-past seven when we left Pall Mall, and my watch showed me that it was ten minutes to nine when we at last came to a standstill.	ten minutes to nine	Memoirs of Sherlock Holmes	Sir Arthur Conan Doyle
20:55	George pulled out his watch and looked at it: it was five minutes to nine!	five minutes to nine	Three Men in a Boat (to say nothing of the dog)	Jerome K. Jerome
20:55	Do you think I should be standing here at five minutes to nine looking for it if I had it in my pocket all the while?	five minutes to nine	Three Men on the Bummel	Jerome K. Jerome
20:57	Punctuality is the politeness of princes, but it was not a leading characteristic of the school; and at three minutes to nine …	three minutes to nine	Mike	P. G. Wodehouse
20:58	"Two minutes to nine," he replied, telling the truth with a struggle.	Two minutes to nine	Sons and Lovers	David Herbert Lawrence
21:00	At nine o'clock the names were called, Sue's being pronounced three times sonorously by Miss Traceley without eliciting an answer.	nine o'clock	Jude the Obscure	Thomas Hardy
21:00	He drew out his watch, and exclaimed, 'Morbleu, nearly nine o'clock—why, I shall not get back to Beaucaire before midnight!	nine o'clock	The Count of Monte Cristo	Alexandre Dumas, Pere
21:00	Heaven is as inflexible as man, and the signature of the contract is fixed for this evening at nine o'clock.	nine o'clock	The Count of Monte Cristo	Alexandre Dumas, Pere
21:00	It was nine o'clock when Ruby went up-stairs,—and then Mrs. Pipkin locked both the front door and the area gate.	nine o'clock	The Way We Live Now	Anthony Trollope
21:00	The Professor took away one copy to study after dinner, and before our meeting, which is fixed for nine o'clock.	nine o'clock	Dracula	Bram Stoker
21:00	… and at nine o'clock he had seated himself before the fire in the commercial room at The Bull …	nine o'clock	Orley Farm	Anthony Trollope
21:10	Ten minutes past nine!' said the little man, looking at his watch.	Ten minutes past nine	The Pickwick Papers	Charles Dickens
21:10	There isn't another train till ten past nine.	ten past nine	New Grub Street	George Gissing
21:11	"There's one about 9:11 if you really must go."	about 9:11	This Side of Paradise	F. Scott Fitzgerald
21:12	Harding and his companions had left Granite House at twelve minutes past nine.	twelve minutes past nine	The Mysterious Island	Jules Verne
21:13	… the same one that I had travelled by last night, leaving Norden at 7.43 and reaching Esens at 8.50, and Wittmund at 9.13.	at 9.13	The Riddle of the Sands	Erskine Childers
21:15	At a quarter past nine the seventy stood up to sing the "Evening Hymn," and then knelt down to prayers.	a quarter past nine	Jude the Obscure	Thomas Hardy
21:15	The dean was just the same, and Sir Omicron Pie was expected down by the 9.15 P.M. train.	9.15 P.M.	Barchester Towers	Anthony Trollope
21:15	'His secretary, Mr. Stangerson, said that there were two trains—one at 9.15 and one at 11.	at 9.15	A Study In Scarlet	Arthur Conan Doyle
21:15	But a telegraphic message has arrived—Sir Omicron Pie will be here by the 9.15 P.M. train.	9.15 P.M.	Barchester Towers	Anthony Trollope
21:15	At about a quarter past nine the buyer arrived.	a quarter past nine	Of Human Bondage	W. Somerset Maugham
21:20	At twenty minutes past nine Doctor Jerome told me to bring the lamp to the bedside.	twenty minutes past nine	The Law and the Lady	Wilkie Collins
21:20	There was a train back to Paris at 9.20 …	at 9.20	The Ambassadors	Henry James
21:20	It was twenty minutes past nine only....	twenty minutes past nine	Under Western Eyes	Joseph Conrad
21:22	'There's a train at Emden at 9.22 from Leer and the south, and one at 10.50 from the north.'	at 9.22	The Riddle of the Sands	Erskine Childers
21:25	"Twenty-five minutes past nine!" cried M. de Treville, looking at the clock; "why, that's impossible!"	Twenty-five minutes past nine	The Three Musketeers	Alexandre Dumas, Pere
21:25	… "but I thought, as it was yet only twenty-five minutes past nine …	twenty-five minutes past nine	The Three Musketeers	Alexandre Dumas, Pere
21:30	The goods leave by the train at 9:30 to-night, and will be due at King's Cross at 4:30 to-morrow afternoon.	at 9:30	Dracula	Bram Stoker
21:30	Given out on the Wednesday night at eight o'clock, brought in on the Thursday morning at half after nine."	half after nine	Bleak House	Charles Dickens
21:30	"Go and call upon him, in order that he may give evidence of your having been with him at half past nine.	half past nine	The Three Musketeers	Alexandre Dumas, Pere
21:30	As it approached nearer and nearer to half past nine o'clock, our restless expectation of Mr. Micawber increased.	half past nine o'clock	David Copperfield	Charles Dickens
21:30	When he went off at half past nine he had supper given him …	half past nine	Of Human Bondage	W. Somerset Maugham
21:30	Given out Wednesday night, eight o'clock; brought in Thursday morning, half after nine."	half after nine	Bleak House	Charles Dickens
21:34	… expect me 9.34 p.m. 26th'; which produced …	9.34 p.m.	The Riddle of the Sands	Erskine Childers
21:40	… the tea and toast at twenty-three minutes past eight, the shaving-water at thirty-seven minutes past nine, and the toilet at twenty minutes before ten.	twenty minutes before ten	Around the World in 80 Days	Jules Verne
21:40	Nevertheless, at twenty minutes to ten o'clock, Oak came out of his house, and	twenty minutes to ten o'clock	Far from the Madding Crowd	Thomas Hardy
21:40	The prisoner's valet deposed that his master had rung for him at twenty minutes to ten on the morning of the day on which his mistress died …	twenty minutes to ten	The Law and the Lady	Wilkie Collins
21:40	It still wanted twenty minutes to ten when the warden found himself at the bottom of Sir Abraham's stairs, so he walked leisurely up and down the quiet inn to cool himself.	twenty minutes to ten	The Warden	Anthony Trollope
21:45	Joe had been at the Three Jolly Bargemen, smoking his pipe, from a quarter after eight o'clock to a quarter before ten.	a quarter before ten	Great Expectations	Charles Dickens
21:45	When Frank called for her at a quarter to ten, she was quite ready, and grasped his hand almost without a word.	a quarter to ten	The Eustace Diamonds	Anthony Trollope
21:45	'Ask your mother to let us have some supper at a quarter to ten,' he said urbanely.	a quarter to ten	New Grub Street	George Gissing
21:45	At a quarter to ten McKelvey discovered with profound regret that his wife had a headache.	a quarter to ten	Babbitt	Sinclair Lewis
21:45	It was a quarter to ten before we reached London Bridge, and half past before the four of us alighted on the Beckenham platform.	a quarter to ten	Memoirs of Sherlock Holmes	Sir Arthur Conan Doyle
21:45	… and one from the Anti-Birth-Control Union at a quarter of ten."	a quarter of ten	Babbitt	Sinclair Lewis
21:50	This he had sworn he would not do; but he did seat himself in his room at ten minutes before ten …	ten minutes before ten	The Last Chronicle of Barset	Anthony Trollope
21:50	I passed out on to the road and saw by the lighted dial of a clock that it was ten minutes to ten.	ten minutes to ten	Dubliners	James Joyce
21:50	As the envoy of the prefect of police arrived ten minutes before ten …	ten minutes before ten	The Count of Monte Cristo	Alexandre Dumas, Pere
21:50	We had ascertained from the lady that she went down upon the Monday by the train which leaves Waterloo at 9:50, so I started early and caught the 9:13.	at 9:50	The Return of Sherlock Holmes	Arthur Conan Doyle
21:50	At ten minutes to ten she said persuasively:	ten minutes to ten	The Old Wives' Tale	Arnold Bennett
21:52	"Twelve!" he exclaimed; "why, it's only eight minutes before ten."	eight minutes before ten	Around the World in 80 Days	Jules Verne
21:55	Adam sat looking at the clock: the minute-hand was hurrying along the last five minutes to ten with a loud …	five minutes to ten	Adam Bede	George Eliot
21:55	At five minutes to ten, when Constance had yawned, he threw a bomb among them on the hearthrug.	five minutes to ten	The Old Wives' Tale	Arnold Bennett
21:55	When Joe went home at five minutes before ten, he found her struck down on the floor, and promptly called in assistance.	five minutes before ten	Great Expectations	Charles Dickens
21:55	You, whom I expected last, you arrive at five minutes to ten, when the time fixed was half-past!	five minutes to ten	The Count of Monte Cristo	Alexandre Dumas, Pere
21:55	On reaching Casterbridge he left the horse and trap at an inn, and at five minutes before ten came back to the bridge at the lower end of the town …	five minutes before ten	Far from the Madding Crowd	Thomas Hardy
21:55	They were to call for her at her house in the Taurida Gardens at ten o'clock, but it was already five minutes to ten, and the girls were not yet dressed.	five minutes to ten	War and Peace	Leo Tolstoy
22:00	"At ten o'clock then, if you please; I should like it early, as I am going into the country to-morrow."	ten o'clock	The Count of Monte Cristo	Alexandre Dumas, Pere
22:00	"This evening, at ten o'clock," replied Captain Harding; "and Heaven grant that the storm does not abate before our departure."	ten o'clock	The Mysterious Island	Jules Verne
22:00	'Why didn't Marian come to speak a word?' said Dora, when her brother entered the girls' sitting-room about ten o'clock.	ten o'clock	New Grub Street	George Gissing
22:00	'With great pleasure,' said the little doctor; 'will ten o'clock be too late to look in for half an hour?'	ten o'clock	The Pickwick Papers	Charles Dickens
22:00	After his conversation with Alyosha, at the cross-roads, he hardly slept all night, and at ten o'clock next morning …	ten o'clock	The Brothers Karamazov	Fyodor Dostoyevsky
22:00	But it is not until ten o'clock that he sits down to anything that can properly be called a meal.	ten o'clock	Three Men on the Bummel	Jerome K. Jerome
22:05	The clock showed five minutes past ten.	five minutes past ten	The Old Wives' Tale	Arnold Bennett
22:15	"Gentlemen," said Morcerf, "it is only a quarter past ten, and I expect some one else."	a quarter past ten	The Count of Monte Cristo	Alexandre Dumas, Pere
22:15	At a quarter past ten they at last got into their carriages and started.	a quarter past ten	War and Peace	Leo Tolstoy
22:15	"That will take you into Liverpool at 10.15.	at 10.15	The Way We Live Now	Anthony Trollope
22:15	At a quarter after ten he returned home.	a quarter after ten	Babbitt	Sinclair Lewis
22:17	It must be some place which a particular staircase identified, and where the tide was full at 10.17.	at 10.17	The Thirty-nine Steps	John Buchan
22:17	… and at its last time of use it ran—'(Thirty-nine steps, I counted them—high tide 10.17 p.m.)'.	10.17 p.m.	The Thirty-nine Steps	John Buchan
22:18	I have this moment, whilst writing, had a wire from Jonathan, saying that he leaves by the 6:25 to-night from Launceston and will be here at 10:18 …	at 10:18	Dracula	Bram Stoker
22:25	… came out express, at eleven o'clock at night as the corn-factor's son made an offer of his hand and heart at twenty-five minutes past ten by the Dutch clock in the kitchen …	twenty-five minutes past ten	The Life And Adventures Of Nicholas Nickleby	Charles Dickens
22:27	High tide there was at 10.27 P.m. on the 15th of June.	at 10.27	The Thirty-nine Steps	John Buchan
22:30	But at 8.30 I had shaken off the dust of London from my feet, and at 10.30 I was …	at 10.30	The Riddle of the Sands	Erskine Childers
22:30	Precious time has been lost, sir, through your unfortunately not being at home at half past ten last night.	half past ten	The Moonstone	Wilkie Collins
22:30	They had solemn rubbers of whist, when they went upstairs after drinking, and their carriages were called at half past ten.	half past ten	Vanity Fair	William Makepeace Thackeray
22:30	"By the way, the car will be round at 10.30," said Cayley, looking up from his letters.	at 10.30	The Red House Mystery	A. A. Milne
22:30	"I told him it was probable I might call upon him between ten and eleven this forenoon, and it's now half after ten.	half after ten	Bleak House	Charles Dickens
22:30	Does anybody wonder that I got home at half past twelve instead of half past ten?	half past ten	The Moonstone	Wilkie Collins
22:35	It was twenty-five minutes to eleven when we noiselessly pushed off.	twenty-five minutes to eleven	The Riddle of the Sands	Erskine Childers
22:35	"Upward and onward" says twenty-five minutes to eleven.	twenty-five minutes to eleven	Desperate Remedies	Thomas Hardy
22:35	It was twenty-five minutes to eleven.	twenty-five minutes to eleven	Jude the Obscure	Thomas Hardy
22:38	… and looked a clock for jolly Sandboys to consult—'it'll be done to a turn at twenty-two minutes before eleven.'	twenty-two minutes before eleven	The Old Curiosity Shop	Charles Dickens
22:40	And thus it came to pass, that John Browdie declared, in the parlour after supper, to wit, and twenty minutes before eleven o'clock p.m. …	twenty minutes before eleven o'clock	The Life And Adventures Of Nicholas Nickleby	Charles Dickens
22:45	Burgess, inspecting the wicket with Mr. Spence during the quarter to eleven interval, was not slow to recognise this fact.	quarter to eleven	Mike	P. G. Wodehouse
22:45	When the bell rang at a quarter to eleven, he gathered up his gown, and sped to the headmaster.	a quarter to eleven	Mike	P. G. Wodehouse
22:45	At a quarter to eleven they had all gone to their rooms with the exception of Ames, who was in the pantry.	a quarter to eleven	The Valley of Fear	Sir Arthur Conan Doyle
22:45	Half an hour before the alarm was given would be a quarter to eleven.	a quarter to eleven	The Valley of Fear	Sir Arthur Conan Doyle
22:45	Retire nightly at 10.45; and clothe yourself (if you please) throughout in hygienic flannel.	at 10.45	The Wrong Box	Robert Louis Stevenson and Lloyd Osbourne
22:45	At a quarter to eleven Mrs. Morel was heard raking the fire.	a quarter to eleven	Sons and Lovers	David Herbert Lawrence
22:46	If I could not find them at all I should be thrown back on the rejected view that Norden itself was the rendezvous, and should wait there till 10.46.	till 10.46	The Riddle of the Sands	Erskine Childers
22:46	… between 10.30 and 11 p.m. on the night of the 25th; and the time-table showed that the only night train arriving at Norden was one from the south at 10.46 p.m.	10.46 p.m.	The Riddle of the Sands	Erskine Childers
22:50	'There's a train at Emden at 9.22 from Leer and the south, and one at 10.50 from the north.'	at 10.50	The Riddle of the Sands	Erskine Childers
22:50	At ten minutes to eleven in the evening, the electric light reappeared three miles to windward of the frigate, as pure, as intense as during the preceding night.	ten minutes to eleven in the evening	Twenty Thousand Leagues under the Sea (slightly abridged)	Jules Verne
22:50	"Ten minutes to eleven," she observed.	Ten minutes to eleven	The Voyage Out	Virginia Woolf
22:55	It wanted some five minutes to eleven when Tuppence reached the block of buildings in which the offices of the Esthonia Glassware Co. were situated.	five minutes to eleven	The Secret Adversary	Agatha Christie
22:59	I looked up to the clock—one minute to eleven.	one minute to eleven	The Man in the Brown Suit	Agatha Christie
23:00	'Oh, it's quite impossible to dine at half-past eleven o'clock in the day,' replied Mr. Pickwick, looking at his watch.	eleven o'clock	The Pickwick Papers	Charles Dickens
23:00	Do as I bid you: show the chevalier out; and this evening at eleven o'clock—you have heard what I said."	eleven o'clock	The Three Musketeers	Alexandre Dumas, Pere
23:00	I went round the dormitories as usual at eleven o'clock last night, and all the boys were asleep—all of them."	eleven o'clock	Mike	P. G. Wodehouse
23:00	It was about eleven o'clock on this day that Mrs. Yeobright started across the heath towards her son's house …	eleven o'clock	Return of the Native	Thomas Hardy
23:00	It was eleven o'clock when he came in, though he had not been further than the precincts of the garden.	eleven o'clock	Return of the Native	Thomas Hardy
23:00	Soon her gigantic hull appeared passing along between the banks, and eleven o'clock struck as she anchored in the road.	eleven o'clock	Around the World in 80 Days	Jules Verne
23:05	“An inn closed by five minutes after eleven!	five minutes after eleven	New Arabian Nights	Robert Louis Stevenson
23:10	She walked out of the hotel, fully dressed, about ten minutes past eleven, and she was never seen again.	ten minutes past eleven	The Man in the Brown Suit	Agatha Christie
23:10	At ten minutes past eleven the gas gave a big jump and five minutes later went out.	ten minutes past eleven	Of Human Bondage	W. Somerset Maugham
23:10	… made Mr. Pickwick play rather badly; the cards were against him, also; and when they left off at ten minutes past eleven …	ten minutes past eleven	The Pickwick Papers	Charles Dickens
23:15	At a quarter past eleven a slight stealthy crackle made itself heard amid the increasing moans of the night wind …	a quarter past eleven	Desperate Remedies	Thomas Hardy
23:15	He had been given a latch-key by the prefect, the man who turned out the gas at a quarter past eleven …	a quarter past eleven	Of Human Bondage	W. Somerset Maugham
23:15	It was then a quarter past eleven, but, nevertheless, Eames appeared at his office precisely at twelve.	a quarter past eleven	The Small House at Allington	Anthony Trollope
23:15	There is a train from Paddington which would bring you there at about 11:15.'	about 11:15	The Adventures of Sherlock Holmes	Arthur Conan Doyle
23:15	I had no accurate idea of the time, for I could not see my watch, but I thought we must have started about a quarter past eleven.	a quarter past eleven	The Riddle of the Sands	Erskine Childers
23:15	“At a quarter past eleven,” pursued the lady, “leave the house.	a quarter past eleven	New Arabian Nights	Robert Louis Stevenson
23:17	It was seventeen minutes past eleven: she would have lots of time to have the matter out with Mr. Doran and then catch short twelve at Marlborough Street.	seventeen minutes past eleven	Dubliners	James Joyce
23:20	At twenty minutes past eleven a blast of wind carried an airy bit of ignited fern several yards forward …	twenty minutes past eleven	Desperate Remedies	Thomas Hardy
23:20	It appeared afterwards that on the same evening, at twenty past eleven, he made another very eccentric and unexpected visit.	twenty past eleven	Crime and Punishment	Fyodor Dostoevsky
23:20	It was then twenty minutes past eleven—late enough to make it quite easy for the Count to get rid of me by the excuse that he was in bed.	twenty minutes past eleven	The Woman in White	Wilkie Collins
23:20	Then she went—it might be at twenty minutes past eleven …	twenty minutes past eleven	Bleak House	Charles Dickens
23:20	It was twenty minutes past eleven, by my watch, when the preparations were completed, and I took my place on the chair set apart at the bottom of the bed.	twenty minutes past eleven	The Moonstone	Wilkie Collins
23:21	It left at 11.21, I remember, and Raffles was put out to find it did not go on to Kensal Rise.	at 11.21	The Amateur Cracksman	E. W. Hornung
23:22	"Twenty-two minutes after eleven," returned Passepartout, drawing an enormous silver watch from the depths of his pocket.	Twenty-two minutes after eleven	Around the World in 80 Days	Jules Verne
23:25	"Hearing a' illegal noise I went down the street at twenty-five minutes past eleven P.M. on the night of the fifth instinct, Hannah Dominy.	twenty-five minutes past eleven	The Mayor of Casterbridge	Thomas Hardy
23:25	It was twenty-five minutes past eleven.	twenty-five minutes past eleven	The Old Wives' Tale	Arnold Bennett
23:29	Now from this moment, twenty-nine minutes after eleven, a.m., this Wednesday, 2nd October, you are in my service."	twenty-nine minutes after eleven	Around the World in 80 Days	Jules Verne
23:30	If not inconvenient would you call on me in Grosvenor Square to-morrow, Sunday, at half past eleven.	half past eleven	The Way We Live Now	Anthony Trollope
23:30	One evening about half past eleven he saw Lawson, walking along Piccadilly; he was in evening clothes and might be supposed to be coming back from a theatre.	half past eleven	Of Human Bondage	W. Somerset Maugham
23:30	… who had sent for M. Laporte in order to be reconducted to the Louvre, should be running about the streets of Paris at half past eleven at night …	half past eleven at night	The Three Musketeers	Alexandre Dumas, Pere
23:30	"It is due at Winchester at 11:30."	at 11:30	The Adventures of Sherlock Holmes	Arthur Conan Doyle
23:30	Fanny Hackbutt comes at half past eleven.	half past eleven	Middlemarch	George Eliot
23:35	It was twenty-five minutes to twelve, and of course it was clear enough what was in the wind.	twenty-five minutes to twelve	The Adventures of Sherlock Holmes	Arthur Conan Doyle
23:40	Phileas Fogg at last disembarked on the Liverpool quay, at twenty minutes before twelve, 21st December.	twenty minutes before twelve	Around the World in 80 Days	Jules Verne
23:40	Having arrived at Liverpool at twenty minutes before twelve on the 21st of December …	twenty minutes before twelve	Around the World in 80 Days	Jules Verne
23:40	At twenty minutes of twelve, Madame Danglars, tired of waiting, returned home.	twenty minutes of twelve	The Count of Monte Cristo	Alexandre Dumas, Pere
23:40	He would not allow himself to dwell long upon these conjectures, maxims, and hopes, and at twenty minutes to twelve he again went softly to the stable …	twenty minutes to twelve	Return of the Native	Thomas Hardy
23:40	… and gone over the house every night at half-past ten (except on Foreign Post nights, and then twenty minutes before twelve) to see the doors fastened …	twenty minutes before twelve	The Life And Adventures Of Nicholas Nickleby	Charles Dickens
23:40	It was twenty minutes to twelve.	twenty minutes to twelve	The Picture of Dorian Gray	Oscar Wilde
23:45	At quarter to twelve Amory shook hands with her gravely, in the midst of a small crowd assembled to wish him good-speed.	quarter to twelve	This Side of Paradise	F. Scott Fitzgerald
23:45	It was just a quarter before twelve o'clock when we got into the churchyard over the low wall.	a quarter before twelve o'clock	Dracula	Bram Stoker
23:45	When Phillotson arrived upstairs, weary with the drudgery of the attendance-numbers, it was a quarter to twelve o'clock.	a quarter to twelve o'clock	Jude the Obscure	Thomas Hardy
23:45	The clock in the turret struck the quarter to twelve as they settled themselves in their chairs.	quarter to twelve	The Woman in White	Wilkie Collins
23:45	We passed Skiplake as the clock was striking the quarter to twelve; and then George said, thoughtfully:	quarter to twelve	Three Men in a Boat (to say nothing of the dog)	Jerome K. Jerome
23:45	I waited till a quarter to twelve, and found then that I was in All Souls'.	a quarter to twelve	Far from the Madding Crowd	Thomas Hardy
23:50	'I'll be,' says Twemlow, 'at the club by ten minutes to twelve, and I'll never leave it all day.'	ten minutes to twelve	Our Mutual Friend	Charles Dickens
23:50	The "make ready" of ten minutes to one differs from the "make ready" of ten minutes to twelve, as youth differs from age.	ten minutes to twelve	Desperate Remedies	Thomas Hardy
23:50	He left the house at ten minutes before twelve, cunningly turned away, dodging round by the first corner,—and just as he had turned it encountered his cousin.	ten minutes before twelve	The Way We Live Now	Anthony Trollope
23:50	"Good!" cried d'Artagnan, "I will be there ten minutes before twelve."	ten minutes before twelve	The Three Musketeers	Alexandre Dumas, Pere
23:55	It wanted five minutes to twelve, when the premonitory symptoms of the working of the laudanum first showed themselves to me.	five minutes to twelve	The Moonstone	Wilkie Collins
23:55	A neighbouring clock showed the time to be five minutes to twelve.	five minutes to twelve	The Secret Adversary	Agatha Christie
23:55	Raoul climbed the grand staircase at five minutes to twelve …	five minutes to twelve	The Phantom of the Opera	Gaston Leroux
23:57	It wanted then about three minutes to twelve; and Major Milroy seized the opportunity of explaining what the exhibition was to be, before the exhibition began.	three minutes to twelve	Armadale	Wilkie Collins
